offense,date,latitude,longitude
BURGLARY,11/16/2012 10:06,40.79115295,-111.9225905
BURGLARY,5/12/2012 4:34,40.73916125,-111.8939551
BURGLARY,6/24/2012 8:24,40.7981789,-111.9456055
BURGLARY,11/23/2012 6:26,40.73343061,-111.8882635
BURGLARY,6/9/2012 19:30,40.83993092,-111.9043246
BURGLARY,12/20/2012 16:59,40.74414805,-111.9259653
BURGLARY,6/4/2012 11:54,40.74772874,-111.8332878
BURGLARY,9/10/2012 13:53,40.79109015,-111.9236844
BURGLARY,1/26/2012 9:30,40.74375921,-111.8940582
BURGLARY,4/27/2012 21:00,40.77390057,-111.8910848
BURGLARY,5/24/2012 4:23,40.77284051,-111.8507484
BURGLARY,5/30/2012 10:00,40.76708192,-111.8740251
BURGLARY,10/10/2012 7:30,40.78908764,-111.9416112
BURGLARY,2/24/2012 17:00,40.80565126,-111.9392545
BURGLARY,9/27/2012 5:17,40.73127373,-111.8712352
BURGLARY,9/8/2012 18:40,40.74971366,-111.8624846
BURGLARY,11/3/2012 0:09,40.78175947,-111.9409154
BURGLARY,12/11/2012 22:00,40.74386417,-111.865209
BURGLARY,2/5/2012 22:30,40.74971208,-111.8453255
BURGLARY,3/25/2012 20:00,40.75666545,-111.9629654
BURGLARY,11/25/2012 1:09,40.79116874,-111.9407101
BURGLARY,12/8/2012 11:37,40.78258186,-111.9435953
BURGLARY,12/20/2012 8:00,40.75622343,-111.8882624
BURGLARY,1/24/2012 12:49,40.72312639,-111.8342675
BURGLARY,9/9/2012 8:30,40.728821,-111.8553664
BURGLARY,6/2/2012 7:23,40.66726905,-111.9235727
BURGLARY,12/27/2012 9:30,40.74765405,-111.8594081
BURGLARY,3/28/2012 17:00,40.78021838,-111.9366061
BURGLARY,8/14/2012 12:23,40.78899841,-111.8700883
BURGLARY,9/19/2012 9:00,40.76710406,-111.8683036
BURGLARY,11/21/2012 17:00,40.77448042,-111.8477887
BURGLARY,7/5/2012 17:00,40.72530422,-111.8596637
BURGLARY,10/1/2012 19:00,40.76932187,-111.8795398
BURGLARY,10/19/2012 12:00,40.74158337,-111.8739333
BURGLARY,8/15/2012 20:00,40.75623219,-111.8596234
BURGLARY,5/6/2012 8:19,40.77162541,-111.9090679
BURGLARY,5/25/2012 21:24,40.78258186,-111.9435953
BURGLARY,7/3/2012 19:05,40.75622352,-111.8525343
BURGLARY,7/25/2012 9:00,40.73134421,-111.815043
BURGLARY,8/13/2012 0:00,40.73167452,-111.8595089
BURGLARY,11/9/2012 20:40,40.7289005,-111.8440971
BURGLARY,11/4/2012 13:17,40.75088011,-111.9113246
BURGLARY,11/25/2012 21:15,40.76833651,-111.9392051
BURGLARY,1/23/2012 6:49,40.72106101,-111.8157198
BURGLARY,7/21/2012 8:00,40.7427106,-111.8696466
BURGLARY,10/16/2012 8:19,40.72502192,-111.81288
BURGLARY,6/6/2012 3:57,40.76995732,-111.8835371
BURGLARY,7/12/2012 8:47,40.73477023,-111.8882767
BURGLARY,10/10/2012 12:30,40.75620986,-111.8968434
BURGLARY,10/8/2012 7:28,40.74072024,-111.9788399
BURGLARY,3/29/2012 12:40,40.78457991,-111.8968347
BURGLARY,11/14/2012 15:30,40.76931479,-111.8822055
BURGLARY,1/12/2012 9:30,40.71062892,-111.8546617
BURGLARY,1/1/2012 23:23,40.73455936,-111.9301541
BURGLARY,10/3/2012 9:35,40.76282314,-111.9167789
BURGLARY,7/4/2012 6:29,40.74151202,-111.8896742
BURGLARY,9/24/2012 8:00,40.74765405,-111.8594081
BURGLARY,9/21/2012 20:43,40.75618727,-111.9207051
BURGLARY,11/9/2012 11:52,40.77045008,-111.9197959
BURGLARY,10/18/2012 13:00,40.76269351,-111.8826036
BURGLARY,2/1/2012 17:00,40.73093036,-111.9427187
BURGLARY,1/28/2012 11:00,40.74826652,-111.8537879
BURGLARY,12/8/2012 2:26,40.75958282,-111.9284981
BURGLARY,7/22/2012 19:39,40.77279621,-111.8774708
BURGLARY,9/27/2012 0:41,40.73127373,-111.8712352
BURGLARY,5/4/2012 9:00,40.77823135,-111.9444028
BURGLARY,11/9/2012 18:00,40.71683249,-111.8756142
BURGLARY,11/28/2012 7:30,40.73074327,-111.8478804
BURGLARY,4/12/2012 21:35,40.77823097,-111.9427537
BURGLARY,2/27/2012 17:00,40.72668782,-111.8639416
BURGLARY,6/12/2012 0:18,40.7781693,-111.9395243
BURGLARY,12/18/2012 7:52,40.75628712,-111.8766781
BURGLARY,8/14/2012 1:00,40.73922193,-111.9111628
BURGLARY,6/5/2012 0:21,40.72698261,-111.8539413
BURGLARY,11/8/2012 7:44,40.75193434,-111.8881077
BURGLARY,11/11/2012 3:00,40.76503604,-111.8969462
BURGLARY,12/17/2012 10:45,40.74512751,-111.9312515
BURGLARY,7/5/2012 4:45,40.78935727,-111.884019
BURGLARY,10/24/2012 6:00,40.75196064,-111.9141854
BURGLARY,6/17/2012 10:21,40.78466104,-111.9168121
BURGLARY,2/6/2012 17:00,40.78247352,-111.9010607
BURGLARY,11/26/2012 18:00,40.73387941,-111.9352436
BURGLARY,9/18/2012 18:43,40.75832251,-111.8613642
BURGLARY,6/11/2012 3:00,40.74507047,-111.8480172
BURGLARY,7/26/2012 16:21,40.74514809,-111.905838
BURGLARY,5/30/2012 21:40,40.73603012,-111.9694562
BURGLARY,12/19/2012 9:30,40.74312018,-111.9304419
BURGLARY,8/11/2012 13:19,40.74268033,-111.8969772
BURGLARY,6/11/2012 7:40,40.7025245,-111.8565775
BURGLARY,6/27/2012 17:15,40.76280181,-111.9391248
BURGLARY,7/2/2012 1:36,40.74805258,-111.8881087
BURGLARY,12/15/2012 14:57,40.7781693,-111.9395243
BURGLARY,8/10/2012 15:09,40.75405378,-111.8825244
BURGLARY,10/13/2012 15:18,40.75403996,-111.8768227
BURGLARY,4/13/2012 15:15,40.77645865,-112.0102013
BURGLARY,4/11/2012 0:00,40.75194654,-111.8824087
BURGLARY,1/23/2012 13:08,40.76498436,-111.8795079
BURGLARY,10/15/2012 21:00,40.72305015,-111.8357724
BURGLARY,8/6/2012 11:30,40.75839336,-111.8853928
BURGLARY,11/9/2012 10:00,40.74282039,-111.9369253
BURGLARY,5/20/2012 10:00,40.77176129,-111.865532
BURGLARY,9/18/2012 7:26,40.72348132,-111.8133369
BURGLARY,12/17/2012 10:42,40.76239042,-111.9082066
BURGLARY,5/11/2012 3:06,40.78905403,-111.9168209
BURGLARY,3/29/2012 22:09,40.76499652,-111.8766609
BURGLARY,3/10/2012 22:26,40.77810238,-111.9225417
BURGLARY,10/16/2012 8:00,40.82876186,-111.9372164
BURGLARY,10/19/2012 8:00,40.75636098,-111.9364598
BURGLARY,6/26/2012 15:36,40.75780415,-111.8582013
BURGLARY,12/7/2012 8:40,40.75502954,-111.9283652
BURGLARY,5/31/2012 9:00,40.72057556,-111.8171082
BURGLARY,11/27/2012 15:44,40.7160917,-111.8141429
BURGLARY,6/8/2012 15:22,40.760674,-111.9082125
BURGLARY,3/1/2012 2:00,40.77810255,-111.9168032
BURGLARY,2/13/2012 16:20,40.75070339,-111.8416707
BURGLARY,7/2/2012 17:53,40.75848813,-111.9169487
BURGLARY,9/21/2012 8:37,40.76282314,-111.9167789
BURGLARY,2/24/2012 16:17,40.79093168,-111.9391933
BURGLARY,12/13/2012 13:49,40.74725684,-111.8507588
BURGLARY,5/12/2012 0:01,40.73640464,-111.8249245
BURGLARY,3/30/2012 9:08,40.76492062,-111.8740418
BURGLARY,12/17/2012 18:04,40.76064312,-111.8594787
BURGLARY,7/30/2012 3:00,40.74979031,-111.8838936
BURGLARY,5/2/2012 10:00,40.74969191,-111.8595237
BURGLARY,8/22/2012 3:00,40.80253795,-111.9455016
BURGLARY,11/21/2012 4:33,40.72542379,-111.8738313
BURGLARY,11/19/2012 22:40,40.73346712,-111.8478581
BURGLARY,2/16/2012 16:15,40.74560052,-111.9223163
BURGLARY,11/9/2012 7:22,40.80845669,-111.9207639
BURGLARY,6/12/2012 3:14,40.76503604,-111.8969462
BURGLARY,2/5/2012 10:39,40.76718852,-111.9031308
BURGLARY,10/2/2012 10:56,40.75837122,-111.929522
BURGLARY,3/16/2012 9:23,40.74438668,-111.8852476
BURGLARY,8/23/2012 18:29,40.77261962,-111.9113776
BURGLARY,8/16/2012 8:25,40.73994623,-111.8508294
BURGLARY,10/20/2012 15:35,40.77162541,-111.9090679
BURGLARY,6/8/2012 8:00,40.79785193,-111.9391534
BURGLARY,8/31/2012 16:00,40.76934579,-111.8709391
BURGLARY,12/31/2012 14:18,40.74157423,-111.8624846
BURGLARY,5/30/2012 21:00,40.78252116,-111.9453349
BURGLARY,2/22/2012 17:00,40.76708192,-111.8740251
BURGLARY,11/17/2012 2:23,40.72124098,-111.8116768
BURGLARY,11/11/2012 21:44,40.75624095,-111.865371
BURGLARY,4/2/2012 8:00,40.73866033,-111.8422822
BURGLARY,6/1/2012 11:24,40.76707241,-111.9055215
BURGLARY,11/13/2012 16:45,40.66726905,-111.9235727
BURGLARY,12/9/2012 19:00,40.76609957,-111.9198054
BURGLARY,5/28/2012 13:13,40.66726905,-111.9235727
BURGLARY,8/6/2012 9:23,40.74048974,-111.9259654
BURGLARY,1/28/2012 3:39,40.79785193,-111.9391534
BURGLARY,8/3/2012 7:36,40.76275105,-111.8768023
BURGLARY,10/1/2012 16:00,40.77369048,-111.9156619
BURGLARY,8/1/2012 18:54,40.74734047,-111.866797
BURGLARY,12/6/2012 12:30,40.74160618,-111.8680607
BURGLARY,5/9/2012 7:03,40.76705193,-111.9040894
BURGLARY,5/24/2012 17:10,40.78309338,-111.8744941
BURGLARY,5/28/2012 16:15,40.72591711,-111.9363427
BURGLARY,10/5/2012 20:00,40.74155208,-111.8539245
BURGLARY,1/3/2012 22:38,40.73916125,-111.8939551
BURGLARY,9/27/2012 13:30,40.73928845,-111.885415
BURGLARY,10/8/2012 6:45,40.74975447,-111.8766421
BURGLARY,6/8/2012 8:34,40.74051781,-111.9191302
BURGLARY,5/27/2012 10:30,40.75845631,-111.8824397
BURGLARY,6/18/2012 11:50,40.78459808,-111.9140969
BURGLARY,8/10/2012 6:46,40.77174334,-111.9168121
BURGLARY,4/20/2012 10:03,40.7781693,-111.9395243
BURGLARY,9/18/2012 7:00,40.74164604,-111.8737778
BURGLARY,3/23/2012 18:30,40.73913367,-111.8766391
BURGLARY,10/24/2012 5:53,40.7671528,-111.8705108
BURGLARY,9/7/2012 8:00,40.72124098,-111.8116768
BURGLARY,11/25/2012 17:45,40.7540401,-111.8595347
BURGLARY,1/24/2012 6:45,40.74268033,-111.8969772
BURGLARY,8/21/2012 10:30,40.7746455,-111.8881085
BURGLARY,12/26/2012 15:07,40.72685512,-111.8190603
BURGLARY,12/24/2012 15:00,40.72680438,-111.9634688
BURGLARY,8/1/2012 22:39,40.77805731,-111.9055987
BURGLARY,2/1/2012 17:30,40.73805308,-111.8566109
BURGLARY,4/27/2012 12:00,40.74289612,-111.8421495
BURGLARY,6/25/2012 12:04,40.76280502,-111.8795303
BURGLARY,2/16/2012 5:00,40.79722926,-111.9070723
BURGLARY,1/14/2012 16:29,40.76493413,-111.8826029
BURGLARY,11/22/2012 11:29,40.75400026,-111.916874
BURGLARY,6/30/2012 9:55,40.76493422,-111.8853932
BURGLARY,11/30/2012 11:25,40.73916125,-111.8939551
BURGLARY,9/7/2012 23:19,40.77379345,-111.8967325
BURGLARY,8/28/2012 20:03,40.71267532,-111.8592703
BURGLARY,9/19/2012 8:25,40.72546948,-111.8941247
BURGLARY,7/17/2012 7:00,40.75194654,-111.8852606
BURGLARY,11/16/2012 5:05,40.77378041,-111.9138229
BURGLARY,5/10/2012 6:28,40.72535257,-111.8712513
BURGLARY,10/19/2012 10:24,40.72885427,-111.8940771
BURGLARY,4/23/2012 7:30,40.75830036,-111.8539245
BURGLARY,1/25/2012 10:17,40.72106101,-111.8157198
BURGLARY,6/7/2012 14:18,40.77178304,-111.8595209
BURGLARY,7/3/2012 2:30,40.72535257,-111.8712513
BURGLARY,9/20/2012 10:41,40.76715305,-111.8652002
BURGLARY,3/12/2012 10:04,40.75632706,-111.8969278
BURGLARY,2/5/2012 19:00,40.73343037,-111.8739454
BURGLARY,11/30/2012 19:04,40.76239042,-111.9082066
BURGLARY,5/23/2012 9:30,40.78894305,-111.9234004
BURGLARY,8/12/2012 16:46,40.78675874,-111.9026274
BURGLARY,8/25/2012 23:30,40.73349332,-111.8766385
BURGLARY,7/4/2012 0:48,40.70337861,-111.8520329
BURGLARY,9/7/2012 9:35,40.75187022,-111.891083
BURGLARY,11/26/2012 9:00,40.71262661,-111.8738708
BURGLARY,2/5/2012 10:39,40.76718852,-111.9031308
BURGLARY,7/18/2012 0:35,40.72535257,-111.8712513
BURGLARY,11/1/2012 12:58,40.76839187,-111.9438848
BURGLARY,11/16/2012 18:34,40.78237099,-111.886614
BURGLARY,3/16/2012 18:00,40.72660631,-111.8284768
BURGLARY,2/6/2012 21:37,40.78466104,-111.9168121
BURGLARY,5/9/2012 14:20,40.74624911,-111.914207
BURGLARY,3/15/2012 15:00,40.76269351,-111.8826036
BURGLARY,10/14/2012 6:45,40.80415304,-111.9183208
BURGLARY,1/2/2012 17:07,40.78897707,-111.8865135
BURGLARY,7/26/2012 18:45,40.73207084,-111.8451429
BURGLARY,7/1/2012 7:53,40.72898446,-111.8524065
BURGLARY,9/30/2012 8:56,40.72537603,-111.8623702
BURGLARY,5/22/2012 9:07,40.72864585,-111.8881164
BURGLARY,11/24/2012 13:26,40.75197352,-111.8839136
BURGLARY,8/9/2012 20:44,40.78252321,-111.9422927
BURGLARY,10/18/2012 12:58,40.77162541,-111.9090679
BURGLARY,2/23/2012 14:30,40.78466104,-111.9168121
BURGLARY,11/21/2012 6:22,40.70594014,-111.8626166
BURGLARY,7/13/2012 9:35,40.7583928,-111.8711131
BURGLARY,11/8/2012 14:35,40.80426026,-111.9412874
BURGLARY,4/5/2012 23:15,40.74118554,-111.9517985
BURGLARY,12/8/2012 23:00,40.7716743,-111.9169686
BURGLARY,9/18/2012 2:31,40.74757643,-111.9168477
BURGLARY,10/13/2012 9:09,40.72672917,-111.8653831
BURGLARY,2/4/2012 20:00,40.72903482,-111.8507187
BURGLARY,8/23/2012 18:34,40.78069583,-111.8684592
BURGLARY,3/4/2012 19:15,40.78461137,-111.8998152
BURGLARY,11/8/2012 14:43,40.74984097,-111.9169409
BURGLARY,10/22/2012 14:03,40.7773258,-111.8744287
BURGLARY,9/16/2012 4:17,40.7427106,-111.8696466
BURGLARY,7/9/2012 3:25,40.78251319,-111.9283921
BURGLARY,7/11/2012 16:01,40.75407139,-111.8854157
BURGLARY,9/6/2012 19:14,40.76280181,-111.9391248
BURGLARY,6/14/2012 23:43,40.7628135,-111.8766475
BURGLARY,12/17/2012 8:00,40.73359517,-111.8363399
BURGLARY,10/23/2012 14:59,40.7781693,-111.9395243
BURGLARY,12/20/2012 7:25,40.70784026,-111.853668
BURGLARY,5/11/2012 13:02,40.74826652,-111.8537879
BURGLARY,10/29/2012 2:00,40.78107917,-111.853544
BURGLARY,5/13/2012 10:18,40.77280299,-111.8804298
BURGLARY,1/11/2012 6:00,40.75227949,-111.9366415
BURGLARY,4/30/2012 19:30,40.76709077,-111.8911941
BURGLARY,9/7/2012 2:00,40.72348132,-111.8133369
BURGLARY,7/21/2012 23:59,40.75407122,-111.9026415
BURGLARY,12/22/2012 11:22,40.77697354,-111.9269321
BURGLARY,9/12/2012 16:20,40.77397913,-111.886968
BURGLARY,3/29/2012 17:30,40.76715305,-111.8652002
BURGLARY,4/18/2012 8:45,40.7785324,-112.030226
BURGLARY,10/18/2012 6:00,40.78909342,-111.9460908
BURGLARY,9/7/2012 12:41,40.74920838,-111.8582155
BURGLARY,2/2/2012 13:39,40.77425882,-111.8497088
BURGLARY,8/5/2012 19:04,40.76493426,-111.8539118
BURGLARY,3/16/2012 2:00,40.76052489,-111.873751
BURGLARY,12/19/2012 12:05,40.74312018,-111.9304419
BURGLARY,10/21/2012 21:42,40.77733396,-111.8804383
BURGLARY,3/30/2012 16:25,40.75410435,-111.8593805
BURGLARY,8/20/2012 11:00,40.72880267,-111.8796846
BURGLARY,11/1/2012 17:51,40.71269304,-111.8365265
BURGLARY,8/6/2012 15:55,40.73352956,-111.9191983
BURGLARY,2/17/2012 8:06,40.77161099,-111.8996454
BURGLARY,8/5/2012 16:00,40.78341127,-111.8939874
BURGLARY,3/5/2012 4:00,40.86159267,-111.9043706
BURGLARY,3/6/2012 19:15,40.7716421,-111.9142158
BURGLARY,11/30/2012 12:00,40.76458757,-111.9309348
BURGLARY,7/16/2012 0:00,40.73110722,-111.8739478
BURGLARY,9/23/2012 5:51,40.72300543,-111.8590111
BURGLARY,2/17/2012 10:30,40.77959561,-111.8774302
BURGLARY,2/6/2012 6:30,40.72290402,-111.8768548
BURGLARY,10/31/2012 3:45,40.73922193,-111.9111628
BURGLARY,7/20/2012 12:19,40.79498041,-111.9391938
BURGLARY,7/10/2012 23:03,40.72680459,-111.8281614
BURGLARY,12/13/2012 9:45,40.71688791,-111.8767001
BURGLARY,10/23/2012 3:00,40.79499277,-111.9248418
BURGLARY,4/19/2012 16:30,40.75088011,-111.9113246
BURGLARY,1/30/2012 23:54,40.72540593,-111.8680789
BURGLARY,7/23/2012 7:26,40.76957101,-111.8775159
BURGLARY,6/30/2012 5:46,40.76714731,-111.8766996
BURGLARY,8/3/2012 7:36,40.76275105,-111.8768023
BURGLARY,12/26/2012 19:50,40.7270854,-111.8249501
BURGLARY,10/27/2012 14:14,40.72628349,-111.8824178
BURGLARY,12/25/2012 2:08,40.77823076,-111.9452327
BURGLARY,11/14/2012 6:59,40.72660585,-111.871244
BURGLARY,3/19/2012 11:19,40.72052341,-111.8595987
BURGLARY,3/13/2012 20:41,40.78664826,-111.9227104
BURGLARY,1/18/2012 14:37,40.78905403,-111.9168209
BURGLARY,7/6/2012 18:37,40.77357194,-111.8881093
BURGLARY,5/12/2012 6:36,40.73888042,-111.934247
BURGLARY,2/22/2012 10:53,40.72898054,-111.8624846
BURGLARY,9/6/2012 12:41,40.74263109,-111.8480068
BURGLARY,12/3/2012 0:00,40.75217143,-111.9342737
BURGLARY,2/6/2012 3:34,40.74661371,-111.8997141
BURGLARY,2/23/2012 16:05,40.77378041,-111.9138229
BURGLARY,12/30/2012 12:30,40.76931479,-111.8822055
BURGLARY,6/22/2012 19:47,40.73702063,-111.8882664
BURGLARY,8/16/2012 18:23,40.73143374,-111.8823912
BURGLARY,9/29/2012 9:45,40.76715523,-111.8623075
BURGLARY,1/23/2012 16:42,40.77374056,-111.899652
BURGLARY,12/12/2012 14:20,40.74303506,-111.9258819
BURGLARY,8/13/2012 18:31,40.74305328,-111.9247091
BURGLARY,7/27/2012 21:36,40.76274302,-111.8852473
BURGLARY,12/9/2012 10:24,40.74036355,-112.0042076
BURGLARY,7/31/2012 9:00,40.72736439,-111.8652177
BURGLARY,8/9/2012 22:16,40.76069717,-111.8969281
BURGLARY,3/30/2012 0:01,40.76934579,-111.8709391
BURGLARY,12/19/2012 17:09,40.75129856,-111.93116
BURGLARY,1/25/2012 18:28,40.74509435,-111.8854093
BURGLARY,11/22/2012 22:38,40.76280502,-111.8795303
BURGLARY,8/2/2012 11:02,40.74734047,-111.866797
BURGLARY,8/24/2012 21:20,40.74503626,-111.868225
BURGLARY,11/2/2012 7:00,40.78923116,-111.9345612
BURGLARY,11/20/2012 6:40,40.75403154,-111.865355
BURGLARY,9/20/2012 17:30,40.76282314,-111.9167789
BURGLARY,5/4/2012 7:35,40.72698261,-111.8539413
BURGLARY,2/4/2012 15:00,40.77045008,-111.9197959
BURGLARY,1/6/2012 15:30,40.74968266,-111.9111219
BURGLARY,9/13/2012 17:44,40.74490075,-111.8618712
BURGLARY,3/21/2012 22:35,40.71062892,-111.8546617
BURGLARY,9/16/2012 12:23,40.73476462,-111.8595004
BURGLARY,8/16/2012 22:00,40.76280502,-111.8795303
BURGLARY,2/20/2012 10:18,40.75189252,-111.875385
BURGLARY,8/1/2012 2:00,40.76280181,-111.9391248
BURGLARY,10/8/2012 9:08,40.76716608,-111.8823205
BURGLARY,11/25/2012 2:45,40.73349332,-111.8881081
BURGLARY,11/22/2012 11:32,40.76280502,-111.8795303
BURGLARY,9/30/2012 18:15,40.76487193,-111.9348839
BURGLARY,8/20/2012 8:42,40.73342167,-111.8911327
BURGLARY,11/26/2012 8:58,40.74151209,-111.8911137
BURGLARY,2/8/2012 21:58,40.75632706,-111.8940582
BURGLARY,12/3/2012 9:45,40.76492108,-111.8796635
BURGLARY,5/25/2012 12:29,40.75410318,-111.8766695
BURGLARY,4/16/2012 10:14,40.71765191,-111.871275
BURGLARY,6/27/2012 13:03,40.75669635,-111.9904691
BURGLARY,10/24/2012 13:00,40.76269335,-111.8968713
BURGLARY,3/31/2012 18:00,40.76932187,-111.8795398
BURGLARY,9/13/2012 8:30,40.74712277,-111.8954619
BURGLARY,10/27/2012 11:50,40.79022626,-111.9010946
BURGLARY,3/28/2012 13:15,40.75845631,-111.8824397
BURGLARY,6/7/2012 15:00,40.73739114,-111.9349684
BURGLARY,11/30/2012 1:10,40.72888116,-111.8606796
BURGLARY,8/23/2012 20:45,40.77425799,-111.8912202
BURGLARY,2/6/2012 15:47,40.78740488,-111.8714306
BURGLARY,5/12/2012 15:32,40.72537603,-111.8566575
BURGLARY,5/13/2012 6:06,40.77164813,-111.9422563
BURGLARY,4/11/2012 20:41,40.74073508,-111.8823684
BURGLARY,9/27/2012 6:15,40.76714731,-111.8766996
BURGLARY,9/16/2012 11:12,40.77374141,-111.919664
BURGLARY,7/28/2012 21:11,40.7574076,-111.9248446
BURGLARY,4/17/2012 14:49,40.75622319,-111.8825443
BURGLARY,6/18/2012 0:44,40.76710406,-111.8683036
BURGLARY,12/9/2012 9:15,40.74495439,-111.8338289
BURGLARY,4/18/2012 0:33,40.73931188,-111.886777
BURGLARY,10/2/2012 12:17,40.76715305,-111.8652002
BURGLARY,9/2/2012 5:08,40.73593379,-111.9318081
BURGLARY,3/12/2012 12:24,40.73994296,-111.8823788
BURGLARY,4/3/2012 14:51,40.75032834,-111.9283208
BURGLARY,9/10/2012 7:15,40.75502954,-111.9307875
BURGLARY,8/16/2012 22:00,40.76280502,-111.8795303
BURGLARY,5/2/2012 16:39,40.72080111,-111.8712667
BURGLARY,9/18/2012 22:20,40.71654113,-111.8060073
BURGLARY,1/29/2012 9:01,40.77174334,-111.9168121
BURGLARY,12/23/2012 14:47,40.77586967,-111.9141057
BURGLARY,12/14/2012 4:10,40.72546323,-111.8306987
BURGLARY,1/10/2012 21:01,40.77165825,-111.9365683
BURGLARY,9/3/2012 16:00,40.72680112,-111.828405
BURGLARY,4/18/2012 7:25,40.74151202,-111.8896742
BURGLARY,2/13/2012 0:51,40.76492118,-111.8939943
BURGLARY,12/14/2012 9:30,40.85008022,-111.9279544
BURGLARY,4/8/2012 22:05,40.70706361,-111.8567503
BURGLARY,12/17/2012 12:36,40.7321407,-111.8449863
BURGLARY,9/25/2012 17:00,40.74351968,-111.8997887
BURGLARY,2/24/2012 13:05,40.73639353,-111.833497
BURGLARY,5/4/2012 16:21,40.75622363,-111.8853937
BURGLARY,1/24/2012 23:40,40.66726905,-111.9235727
BURGLARY,10/1/2012 6:51,40.73950904,-111.8710668
BURGLARY,10/8/2012 8:00,40.76716608,-111.8823205
BURGLARY,5/16/2012 6:49,40.74971803,-111.8409292
BURGLARY,9/9/2012 1:17,40.80723806,-111.9419346
BURGLARY,8/27/2012 13:00,40.73384185,-111.9372454
BURGLARY,1/16/2012 12:30,40.73928026,-111.8653671
BURGLARY,12/9/2012 11:31,40.79498041,-111.9391938
BURGLARY,9/27/2012 0:00,40.76714731,-111.8766996
BURGLARY,1/17/2012 10:37,40.78482441,-111.9111502
BURGLARY,9/8/2012 9:43,40.7604163,-111.9168656
BURGLARY,4/30/2012 9:00,40.74487435,-111.8652088
BURGLARY,11/29/2012 14:54,40.72536717,-111.8595094
BURGLARY,9/5/2012 16:14,40.75130081,-111.9261775
BURGLARY,9/24/2012 9:25,40.7583713,-111.916866
BURGLARY,11/30/2012 14:34,40.75630722,-111.9142659
BURGLARY,8/13/2012 17:45,40.74156087,-111.8639412
BURGLARY,10/30/2012 15:24,40.72050207,-111.8725585
BURGLARY,6/19/2012 12:00,40.71822461,-111.8579959
BURGLARY,9/5/2012 9:30,40.77744584,-111.8745474
BURGLARY,8/13/2012 13:56,40.63767596,-111.8575088
BURGLARY,3/24/2012 17:30,40.76932187,-111.8795398
BURGLARY,9/26/2012 1:20,40.71281043,-111.8290962
BURGLARY,10/12/2012 15:08,40.76067429,-111.9343954
BURGLARY,9/28/2012 9:47,40.72317408,-111.8213261
BURGLARY,5/14/2012 9:10,40.74151209,-111.8911137
BURGLARY,6/24/2012 5:47,40.79867963,-111.9427938
BURGLARY,12/20/2012 0:00,40.72329506,-111.8738087
BURGLARY,5/7/2012 13:07,40.76932187,-111.8795398
BURGLARY,9/21/2012 5:11,40.76563656,-111.9308772
BURGLARY,8/10/2012 8:01,40.74734047,-111.866797
BURGLARY,9/16/2012 9:00,40.77374141,-111.919664
BURGLARY,3/13/2012 18:43,40.71718064,-111.8566143
BURGLARY,7/14/2012 6:05,40.76292909,-111.8998155
BURGLARY,6/19/2012 13:29,40.83993092,-111.9043246
BURGLARY,12/14/2012 8:15,40.74158043,-111.9144156
BURGLARY,3/17/2012 17:00,40.7278958,-111.8766474
BURGLARY,4/22/2012 8:48,40.77593262,-111.9168121
BURGLARY,8/17/2012 18:43,40.77168504,-111.8714701
BURGLARY,7/2/2012 0:09,40.75630474,-111.883898
BURGLARY,9/15/2012 23:30,40.77374141,-111.919664
BURGLARY,1/23/2012 20:30,40.74764006,-111.9168867
BURGLARY,12/13/2012 21:52,40.71245053,-111.8341264
BURGLARY,11/10/2012 0:26,40.71410446,-111.8712927
BURGLARY,3/24/2012 22:47,40.71392084,-111.8579164
BURGLARY,6/4/2012 3:40,40.7563041,-111.8652176
BURGLARY,8/22/2012 16:00,40.74285003,-111.9168971
BURGLARY,6/27/2012 4:35,40.75629677,-111.8709474
BURGLARY,9/4/2012 19:17,40.73680241,-111.8355696
BURGLARY,6/4/2012 16:00,40.7160917,-111.8141429
BURGLARY,5/9/2012 7:03,40.76705193,-111.9040894
BURGLARY,5/23/2012 7:25,40.79295143,-111.9185232
BURGLARY,8/6/2012 0:00,40.76932365,-111.8766783
BURGLARY,11/8/2012 12:28,40.74765405,-111.8594081
BURGLARY,11/6/2012 0:04,40.76280357,-111.8679505
BURGLARY,9/26/2012 9:38,40.76563656,-111.9308772
BURGLARY,11/16/2012 4:43,40.73093101,-111.8911542
BURGLARY,8/20/2012 11:30,40.76495321,-111.8523613
BURGLARY,3/4/2012 14:05,40.74580957,-111.9649513
BURGLARY,10/11/2012 3:27,40.71799531,-111.8132355
BURGLARY,7/16/2012 0:00,40.73065433,-111.8881172
BURGLARY,1/7/2012 15:13,40.72940805,-111.9566859
BURGLARY,3/27/2012 15:26,40.73343061,-111.8882635
BURGLARY,8/27/2012 0:00,40.75187057,-111.8699433
BURGLARY,9/15/2012 15:38,40.78251325,-111.9269443
BURGLARY,7/7/2012 5:00,40.73932922,-111.8882624
BURGLARY,7/23/2012 10:59,40.76274224,-111.8796854
BURGLARY,9/2/2012 11:54,40.77493031,-111.9182453
BURGLARY,2/15/2012 9:44,40.73897414,-111.9366605
BURGLARY,8/8/2012 15:30,40.77586967,-111.9141057
BURGLARY,1/11/2012 6:15,40.7716421,-111.9142158
BURGLARY,5/17/2012 14:54,40.72315062,-111.8245463
BURGLARY,11/16/2012 22:17,40.75632706,-111.8940582
BURGLARY,7/18/2012 15:14,40.77174334,-111.9168121
BURGLARY,7/26/2012 8:00,40.74514809,-111.905838
BURGLARY,4/17/2012 18:52,40.78575294,-111.8655411
BURGLARY,8/18/2012 22:00,40.7502992,-111.9261867
BURGLARY,12/6/2012 8:00,40.76066776,-111.9322006
BURGLARY,10/24/2012 16:58,40.82876186,-111.9372164
BURGLARY,5/6/2012 20:49,40.73349332,-111.8710587
BURGLARY,1/25/2012 22:15,40.76957977,-111.8508105
BURGLARY,11/2/2012 16:30,40.7270854,-111.8249501
BURGLARY,10/29/2012 7:35,40.72742584,-111.8853008
BURGLARY,10/21/2012 15:42,40.76836888,-111.8489778
BURGLARY,12/13/2012 19:00,40.7355361,-111.8594779
BURGLARY,6/23/2012 14:11,40.73387941,-111.9356472
BURGLARY,11/5/2012 18:26,40.77586967,-111.9141057
BURGLARY,6/1/2012 22:28,40.73093101,-111.8911542
BURGLARY,12/6/2012 15:34,40.73935977,-111.8911067
BURGLARY,3/19/2012 7:00,40.73353323,-111.914101
BURGLARY,10/29/2012 16:43,40.78916821,-111.9335376
BURGLARY,11/22/2012 2:00,40.72106101,-111.8157198
BURGLARY,8/15/2012 18:15,40.74161504,-111.8823689
BURGLARY,9/15/2012 18:30,40.72532209,-111.8640308
BURGLARY,2/24/2012 8:45,40.7090553,-111.9543521
BURGLARY,11/29/2012 11:32,40.78787847,-111.9369479
BURGLARY,5/1/2012 7:11,40.72324596,-111.858978
BURGLARY,7/14/2012 11:08,40.76280181,-111.9391248
BURGLARY,7/24/2012 2:24,40.72650417,-111.8668105
BURGLARY,11/2/2012 16:05,40.75502954,-111.9307875
BURGLARY,9/27/2012 6:38,40.76714731,-111.8766996
BURGLARY,5/31/2012 15:46,40.79109015,-111.9289985
BURGLARY,6/28/2012 17:30,40.76716608,-111.8823205
BURGLARY,7/9/2012 21:19,40.74968266,-111.8997143
BURGLARY,4/15/2012 13:09,40.75404023,-111.8710713
BURGLARY,10/14/2012 14:21,40.76292884,-111.8969548
BURGLARY,11/7/2012 21:00,40.71509962,-111.8356163
BURGLARY,4/10/2012 9:00,40.74967396,-111.8682024
BURGLARY,3/11/2012 10:33,40.74514809,-111.905838
BURGLARY,10/26/2012 15:00,40.72859998,-111.8855699
BURGLARY,10/25/2012 10:27,40.7650289,-111.8998152
BURGLARY,6/4/2012 6:25,40.77162541,-111.9090679
BURGLARY,11/29/2012 17:00,40.78307123,-111.8715138
BURGLARY,2/21/2012 1:51,40.81678985,-111.9231834
BURGLARY,8/6/2012 20:09,40.78082713,-111.8474483
BURGLARY,12/4/2012 8:45,40.73719548,-111.8277577
BURGLARY,8/18/2012 16:00,40.7416347,-111.8623313
BURGLARY,12/6/2012 10:57,40.83993092,-111.9043246
BURGLARY,8/28/2012 16:35,40.79157727,-111.9396046
BURGLARY,11/3/2012 3:00,40.77166559,-111.8594388
BURGLARY,12/12/2012 14:56,40.74504009,-111.876815
BURGLARY,6/4/2012 12:30,40.75839346,-111.8625958
BURGLARY,1/18/2012 14:56,40.74406249,-111.8823606
BURGLARY,3/26/2012 17:47,40.73356264,-111.8277704
BURGLARY,10/29/2012 8:20,40.76067429,-111.9343954
BURGLARY,7/7/2012 18:45,40.75083785,-111.8166073
BURGLARY,2/15/2012 17:15,40.73938051,-111.8479964
BURGLARY,2/4/2012 15:00,40.79499277,-111.9238322
BURGLARY,3/8/2012 19:08,40.73553569,-111.8710584
BURGLARY,11/7/2012 8:00,40.74601725,-111.8392492
BURGLARY,10/9/2012 11:10,40.74071515,-111.8680611
BURGLARY,6/4/2012 11:48,40.77162541,-111.9090679
BURGLARY,6/17/2012 17:47,40.74969178,-111.8667636
BURGLARY,12/1/2012 17:02,40.72875374,-111.8682066
BURGLARY,1/7/2012 0:01,40.76269318,-111.891242
BURGLARY,7/1/2012 22:00,40.73114701,-111.8825453
BURGLARY,10/18/2012 15:50,40.86160304,-111.906681
BURGLARY,7/26/2012 3:18,40.76052489,-111.873751
BURGLARY,8/17/2012 10:36,40.77633118,-111.8834927
BURGLARY,7/24/2012 9:00,40.74643242,-111.8823692
BURGLARY,6/10/2012 21:43,40.73916125,-111.8939551
BURGLARY,11/14/2012 20:30,40.7583713,-111.916866
BURGLARY,2/7/2012 9:25,40.73384185,-111.9372454
BURGLARY,8/3/2012 1:09,40.70627263,-111.8768989
BURGLARY,7/15/2012 0:01,40.76275105,-111.8768023
BURGLARY,8/24/2012 0:01,40.76503776,-111.8940759
BURGLARY,6/14/2012 10:36,40.76068905,-111.9228577
BURGLARY,8/28/2012 13:00,40.74979031,-111.8838936
BURGLARY,3/4/2012 1:47,40.73319851,-111.9315207
BURGLARY,2/5/2012 12:00,40.72348132,-111.8133369
BURGLARY,7/14/2012 19:00,40.77162541,-111.9090679
BURGLARY,9/6/2012 13:09,40.74643243,-111.8652091
BURGLARY,12/15/2012 17:45,40.71401072,-111.8612269
BURGLARY,7/27/2012 19:11,40.80037325,-111.9408415
BURGLARY,6/2/2012 11:59,40.77805731,-111.9112582
BURGLARY,11/26/2012 17:15,40.77564182,-111.882058
BURGLARY,12/27/2012 13:37,40.76274207,-111.8553327
BURGLARY,10/25/2012 15:42,40.73635371,-111.8795393
BURGLARY,7/14/2012 15:05,40.76280181,-111.9391248
BURGLARY,4/1/2012 18:00,40.76933694,-111.8677838
BURGLARY,6/11/2012 19:30,40.72554845,-112.0668312
BURGLARY,7/3/2012 22:34,40.74150326,-111.895343
BURGLARY,6/12/2012 0:01,40.76064312,-111.8594787
BURGLARY,2/29/2012 3:02,40.79116874,-111.9407101
BURGLARY,3/2/2012 10:45,40.77165825,-111.9365683
BURGLARY,4/4/2012 11:11,40.74724362,-111.8796536
BURGLARY,5/4/2012 2:00,40.75845631,-111.8766872
BURGLARY,7/16/2012 17:40,40.75628712,-111.8766781
BURGLARY,6/20/2012 18:09,40.7303815,-111.899837
BURGLARY,10/1/2012 0:57,40.83993092,-111.9043246
BURGLARY,7/24/2012 16:30,40.78787847,-111.9369479
BURGLARY,9/12/2012 13:27,40.73343049,-111.8754737
BURGLARY,10/26/2012 20:00,40.75617711,-111.9390653
BURGLARY,1/27/2012 19:50,40.75411552,-111.8623484
BURGLARY,7/26/2012 17:30,40.74479332,-111.8825216
BURGLARY,3/1/2012 15:00,40.73221351,-111.8737911
BURGLARY,7/31/2012 9:00,40.74514809,-111.905838
BURGLARY,2/29/2012 7:27,40.76274302,-111.8852473
BURGLARY,7/20/2012 2:54,40.72022462,-111.8196674
BURGLARY,1/24/2012 13:53,40.73952339,-111.8393082
BURGLARY,11/30/2012 8:00,40.75188359,-111.8810441
BURGLARY,1/13/2012 10:30,40.70361022,-111.8626269
BURGLARY,6/2/2012 5:40,40.73143039,-111.868113
BURGLARY,11/28/2012 9:00,40.73126367,-111.8538929
BURGLARY,6/14/2012 11:08,40.76054459,-111.8709399
BURGLARY,10/26/2012 16:42,40.79232172,-111.9437671
BURGLARY,12/15/2012 17:12,40.71410446,-111.8712927
BURGLARY,10/15/2012 11:00,40.73115271,-111.8138476
BURGLARY,2/12/2012 9:59,40.72534428,-111.8682336
BURGLARY,10/1/2012 8:05,40.76274302,-111.8852473
BURGLARY,4/27/2012 12:55,40.76282314,-111.9167789
BURGLARY,8/3/2012 17:41,40.73792524,-111.8449801
BURGLARY,1/10/2012 22:11,40.79401113,-111.9451091
BURGLARY,6/22/2012 4:50,40.77159232,-111.8940625
BURGLARY,6/13/2012 8:11,40.76064312,-111.8594787
BURGLARY,8/16/2012 15:47,40.78022844,-111.9285242
BURGLARY,3/30/2012 7:55,40.76934579,-111.8709391
BURGLARY,12/13/2012 12:00,40.78461031,-111.9371084
BURGLARY,12/12/2012 6:30,40.72443311,-111.8098962
BURGLARY,8/11/2012 10:03,40.71857145,-111.8682973
BURGLARY,10/20/2012 9:11,40.7314887,-111.8939958
BURGLARY,1/7/2012 17:41,40.78073826,-111.9399645
BURGLARY,8/21/2012 10:00,40.77549445,-111.9409436
BURGLARY,4/23/2012 8:00,40.73880204,-111.899732
BURGLARY,3/22/2012 15:14,40.72289095,-111.873964
BURGLARY,5/7/2012 22:00,40.78029019,-111.9125121
BURGLARY,4/1/2012 10:32,40.77617966,-111.9394673
BURGLARY,3/9/2012 7:57,40.72537603,-111.8566575
BURGLARY,5/25/2012 17:40,40.71616408,-111.8768642
BURGLARY,10/17/2012 17:37,40.73089049,-111.9168971
BURGLARY,2/11/2012 17:44,40.70847959,-111.8663461
BURGLARY,7/13/2012 2:52,40.74281085,-111.8796473
BURGLARY,11/27/2012 15:00,40.74499031,-111.9141986
BURGLARY,8/22/2012 23:00,40.74723375,-111.8528617
BURGLARY,2/29/2012 7:27,40.76274302,-111.8852473
BURGLARY,3/20/2012 14:49,40.78892063,-111.902605
BURGLARY,5/26/2012 5:16,40.75839346,-111.8625958
BURGLARY,5/17/2012 19:00,40.76708192,-111.8740251
BURGLARY,1/13/2012 14:30,40.73143374,-111.8823912
BURGLARY,1/14/2012 5:00,40.7458051,-111.9699389
BURGLARY,10/26/2012 8:43,40.79573698,-111.9392206
BURGLARY,7/9/2012 11:54,40.72893046,-111.8274362
BURGLARY,4/14/2012 23:09,40.74727018,-111.8653671
BURGLARY,6/30/2012 17:00,40.75090974,-111.9169492
BURGLARY,9/16/2012 1:00,40.76275105,-111.8768023
BURGLARY,7/20/2012 17:03,40.72704554,-111.8839012
BURGLARY,7/16/2012 7:45,40.76715373,-111.8852385
BURGLARY,8/8/2012 4:00,40.77378016,-111.9111293
BURGLARY,1/26/2012 20:31,40.75647115,-111.8711066
BURGLARY,9/23/2012 9:53,40.78438205,-111.8996608
BURGLARY,7/19/2012 2:49,40.73340506,-111.9036386
BURGLARY,11/5/2012 8:00,40.77586967,-111.9141057
BURGLARY,7/19/2012 22:17,40.74154337,-111.8867618
BURGLARY,7/7/2012 19:43,40.7716421,-111.9142158
BURGLARY,10/19/2012 20:00,40.72698261,-111.8539413
BURGLARY,2/13/2012 8:48,40.74856005,-111.8555857
BURGLARY,2/23/2012 9:15,40.72625135,-111.9910068
BURGLARY,4/26/2012 12:06,40.72880432,-111.8539555
BURGLARY,8/1/2012 19:30,40.77849512,-111.893976
BURGLARY,10/11/2012 5:00,40.74027196,-112.0343391
BURGLARY,12/18/2012 23:00,40.77234309,-111.8448231
BURGLARY,3/4/2012 12:53,40.74367425,-111.8450952
BURGLARY,10/23/2012 23:50,40.73880204,-111.899732
BURGLARY,12/12/2012 12:01,40.71267532,-111.8623879
BURGLARY,1/3/2012 6:30,40.74951438,-111.9580543
BURGLARY,7/17/2012 7:00,40.75194654,-111.8852606
BURGLARY,4/28/2012 9:00,40.78138427,-112.0361813
BURGLARY,8/12/2012 13:00,40.75407122,-111.9026415
BURGLARY,3/17/2012 3:51,40.74002407,-112.0123325
BURGLARY,11/28/2012 19:53,40.79300246,-111.9247902
BURGLARY,10/1/2012 18:00,40.75845631,-111.8824397
BURGLARY,5/10/2012 3:00,40.70357103,-111.8553154
BURGLARY,2/21/2012 12:21,40.73805947,-111.8998153
BURGLARY,10/12/2012 17:25,40.78466104,-111.9168121
BURGLARY,1/17/2012 22:00,40.78052247,-111.8914789
BURGLARY,3/31/2012 22:33,40.73794388,-111.8823778
BURGLARY,11/1/2012 16:40,40.7507012,-111.8365341
BURGLARY,9/13/2012 13:00,40.76103123,-111.9054888
BURGLARY,3/25/2012 21:29,40.77188062,-111.9301018
BURGLARY,3/31/2012 21:26,40.75413546,-111.9310103
BURGLARY,1/27/2012 21:00,40.76710426,-111.8568658
BURGLARY,10/11/2012 15:14,40.76493389,-111.8768139
BURGLARY,7/27/2012 22:00,40.73112196,-111.8854632
BURGLARY,3/11/2012 1:18,40.73348446,-111.8595006
BURGLARY,5/3/2012 11:32,40.75032834,-111.9283208
BURGLARY,12/9/2012 10:14,40.72940663,-111.9560974
BURGLARY,3/4/2012 10:30,40.75839353,-111.8782461
BURGLARY,9/11/2012 6:30,40.71932874,-111.8572464
BURGLARY,4/11/2012 8:48,40.79347223,-111.9391933
BURGLARY,1/15/2012 12:12,40.74731208,-111.9140705
BURGLARY,10/31/2012 12:00,40.76056328,-111.8539245
BURGLARY,12/25/2012 12:50,40.77631401,-111.8774946
BURGLARY,2/7/2012 16:09,40.7583766,-111.8594784
BURGLARY,1/5/2012 20:27,40.7965779,-111.9351968
BURGLARY,3/4/2012 13:54,40.72943158,-111.8206541
BURGLARY,9/16/2012 11:41,40.74151202,-111.8896742
BURGLARY,12/6/2012 18:00,40.74310641,-111.9772136
BURGLARY,3/11/2012 14:00,40.74150326,-111.895343
BURGLARY,3/4/2012 13:40,40.73065433,-111.8881172
BURGLARY,12/15/2012 14:18,40.74468325,-111.8551435
BURGLARY,6/28/2012 10:30,40.73928845,-111.885415
BURGLARY,5/27/2012 19:00,40.78249997,-111.8996608
BURGLARY,9/27/2012 8:00,40.73924032,-111.868215
BURGLARY,4/20/2012 18:00,40.74569266,-111.9580543
BURGLARY,12/26/2012 9:48,40.76054653,-111.8679499
BURGLARY,9/6/2012 17:00,40.74969114,-111.8783234
BURGLARY,10/3/2012 10:31,40.7650289,-111.8998152
BURGLARY,1/11/2012 12:14,40.72050207,-111.8725585
BURGLARY,8/20/2012 14:00,40.74148743,-111.9287061
BURGLARY,11/8/2012 13:12,40.80124894,-111.9168381
BURGLARY,6/30/2012 7:35,40.75622343,-111.8882624
BURGLARY,7/27/2012 16:00,40.73473105,-111.9168971
BURGLARY,8/13/2012 4:07,40.74728531,-111.8910922
BURGLARY,9/14/2012 1:10,40.73305381,-111.9390735
BURGLARY,5/12/2012 16:39,40.75842436,-111.8653631
BURGLARY,4/22/2012 17:30,40.75845631,-111.8824397
BURGLARY,1/26/2012 22:59,40.75076415,-111.84521
BURGLARY,1/24/2012 13:46,40.79022626,-111.9010946
BURGLARY,1/4/2012 10:40,40.74976333,-111.8652309
BURGLARY,5/18/2012 14:21,40.74141657,-111.9339687
BURGLARY,8/3/2012 8:07,40.76048392,-111.8710949
BURGLARY,5/29/2012 13:00,40.74719367,-111.8480204
BURGLARY,9/16/2012 9:38,40.77374141,-111.919664
BURGLARY,8/8/2012 13:00,40.72099445,-111.8767013
BURGLARY,4/16/2012 22:00,40.71765191,-111.871275
BURGLARY,9/25/2012 21:39,40.74158337,-111.8739333
BURGLARY,5/28/2012 18:48,40.74054718,-111.9772648
BURGLARY,3/24/2012 16:47,40.76066776,-111.9322006
BURGLARY,10/30/2012 19:00,40.76485455,-111.8624719
BURGLARY,5/28/2012 12:22,40.76833651,-111.9392051
BURGLARY,1/7/2012 21:17,40.7717037,-111.9196428
BURGLARY,6/24/2012 15:07,40.76276421,-111.8539245
BURGLARY,6/29/2012 20:35,40.70806033,-111.8655065
BURGLARY,1/16/2012 4:07,40.74054718,-111.9772648
BURGLARY,2/15/2012 9:45,40.75194654,-111.8824087
BURGLARY,5/29/2012 16:25,40.73014604,-111.9648833
BURGLARY,8/26/2012 8:47,40.71739277,-111.8739811
BURGLARY,8/8/2012 22:42,40.7765217,-112.0145521
BURGLARY,11/19/2012 18:05,40.78149737,-111.887218
BURGLARY,1/28/2012 21:17,40.72380569,-111.8181489
BURGLARY,7/22/2012 16:57,40.76269335,-111.8968713
BURGLARY,12/5/2012 8:00,40.77823076,-111.9452327
BURGLARY,7/8/2012 17:00,40.77412065,-111.9341848
BURGLARY,10/26/2012 13:15,40.7390632,-111.8639322
BURGLARY,1/30/2012 12:54,40.72859998,-111.8855699
BURGLARY,7/17/2012 21:18,40.72849363,-111.8737999
BURGLARY,8/7/2012 16:50,40.74046362,-111.9338164
BURGLARY,7/4/2012 5:05,40.75470414,-112.0175397
BURGLARY,3/5/2012 6:21,40.74767506,-111.9580543
BURGLARY,10/2/2012 15:26,40.74765405,-111.8594081
BURGLARY,3/3/2012 2:54,40.7518703,-111.8969244
BURGLARY,8/16/2012 22:00,40.76280502,-111.8795303
BURGLARY,10/6/2012 19:00,40.7172106,-111.8514072
BURGLARY,7/26/2012 6:09,40.74504009,-111.876815
BURGLARY,8/25/2012 22:00,40.76499709,-111.870948
BURGLARY,11/23/2012 17:43,40.72858743,-111.9704657
BURGLARY,1/8/2012 17:29,40.72659641,-111.8768106
BURGLARY,1/16/2012 17:00,40.70863661,-111.8624212
BURGLARY,3/3/2012 12:00,40.75015207,-111.9358635
BURGLARY,11/20/2012 11:47,40.7390724,-111.8767938
BURGLARY,8/28/2012 17:18,40.74969114,-111.8783234
BURGLARY,6/16/2012 12:22,40.76064312,-111.8594787
BURGLARY,2/27/2012 22:07,40.76464083,-111.8711066
BURGLARY,2/28/2012 18:09,40.75405295,-111.8911428
BURGLARY,4/14/2012 8:00,40.78466104,-111.9168121
BURGLARY,7/16/2012 9:45,40.76715373,-111.8852385
BURGLARY,5/24/2012 16:06,40.75322666,-111.9281174
BURGLARY,5/14/2012 8:43,40.77165825,-111.9365683
BURGLARY,12/25/2012 12:53,40.76054114,-111.8528351
BURGLARY,3/14/2012 9:30,40.74155201,-111.8839931
BURGLARY,6/16/2012 12:22,40.76064312,-111.8594787
BURGLARY,4/19/2012 15:00,40.71731316,-111.8285655
BURGLARY,4/10/2012 18:15,40.76274302,-111.8852473
BURGLARY,7/14/2012 20:00,40.74164202,-111.8595063
BURGLARY,6/30/2012 9:05,40.77389608,-111.9436623
BURGLARY,9/20/2012 19:22,40.73635371,-111.8795393
BURGLARY,6/9/2012 7:30,40.74109958,-111.9805664
BURGLARY,12/15/2012 9:20,40.72594647,-111.9197712
BURGLARY,8/13/2012 19:30,40.77052484,-111.8564268
BURGLARY,3/29/2012 8:30,40.77378041,-111.9168121
BURGLARY,5/2/2012 1:43,40.76274207,-111.8882625
BURGLARY,7/7/2012 8:49,40.78502764,-111.8969766
BURGLARY,2/21/2012 19:26,40.77378041,-111.9168121
BURGLARY,10/14/2012 13:52,40.73348446,-111.8537171
BURGLARY,3/5/2012 7:30,40.74155208,-111.8539245
BURGLARY,7/20/2012 17:30,40.76058092,-111.9182823
BURGLARY,10/24/2012 8:30,40.74558806,-111.8680781
BURGLARY,1/26/2012 15:10,40.72348132,-111.8133369
BURGLARY,11/12/2012 15:53,40.73093101,-111.8911542
BURGLARY,9/1/2012 6:56,40.73093101,-111.8911542
BURGLARY,2/12/2012 23:00,40.76282314,-111.9167789
BURGLARY,4/26/2012 1:20,40.71267532,-111.8623879
BURGLARY,11/30/2012 20:30,40.76718997,-111.9083753
BURGLARY,9/26/2012 14:47,40.77696792,-111.9226747
BURGLARY,4/16/2012 10:16,40.75413546,-111.9310103
BURGLARY,10/10/2012 13:00,40.74539435,-111.8881092
BURGLARY,11/26/2012 7:57,40.76275092,-111.8624846
BURGLARY,8/8/2012 21:20,40.74162389,-111.8444484
BURGLARY,11/10/2012 16:00,40.73932922,-111.8882624
BURGLARY,3/16/2012 0:31,40.73255694,-112.0010875
BURGLARY,1/10/2012 17:00,40.73342179,-111.8953624
BURGLARY,7/1/2012 6:00,40.74270331,-111.85947
BURGLARY,9/30/2012 3:31,40.76933694,-111.862348
BURGLARY,1/1/2012 3:19,40.71819313,-111.8505284
BURGLARY,10/22/2012 10:42,40.73296899,-111.9646838
BURGLARY,9/14/2012 9:23,40.73932922,-111.8882624
BURGLARY,5/14/2012 18:15,40.76055414,-111.885239
BURGLARY,4/20/2012 19:30,40.74643316,-111.8852385
BURGLARY,12/14/2012 15:49,40.76069717,-111.8969281
BURGLARY,11/27/2012 22:17,40.76492108,-111.8796635
BURGLARY,9/28/2012 7:36,40.72057556,-111.8171082
BURGLARY,7/3/2012 2:08,40.71765191,-111.871275
BURGLARY,9/5/2012 9:10,40.74356879,-111.9111873
BURGLARY,10/6/2012 12:04,40.76239042,-111.9082066
BURGLARY,6/28/2012 8:36,40.76067562,-111.9081769
BURGLARY,6/6/2012 12:22,40.76833651,-111.9392051
BURGLARY,5/31/2012 17:53,40.75653433,-111.9365528
BURGLARY,6/28/2012 15:00,40.74156116,-111.8767849
BURGLARY,6/7/2012 11:08,40.77178304,-111.8595209
BURGLARY,7/29/2012 14:30,40.75780415,-111.8582013
BURGLARY,9/25/2012 10:00,40.74509651,-111.8712169
BURGLARY,8/25/2012 16:41,40.74560052,-111.9223163
BURGLARY,4/8/2012 13:59,40.7463702,-111.8839624
BURGLARY,10/12/2012 14:00,40.73093101,-111.8911542
BURGLARY,8/8/2012 18:00,40.74479332,-111.8825216
BURGLARY,11/2/2012 10:11,40.76052343,-111.9055244
BURGLARY,2/22/2012 15:00,40.70168251,-111.8596867
BURGLARY,10/5/2012 15:08,40.73718558,-111.8507991
BURGLARY,1/14/2012 17:41,40.77407269,-111.8775143
BURGLARY,3/17/2012 9:10,40.75417315,-111.9140667
BURGLARY,1/11/2012 5:58,40.75128819,-111.9365308
BURGLARY,12/20/2012 18:00,40.74515122,-111.9339833
BURGLARY,11/23/2012 1:16,40.77162789,-111.911506
BURGLARY,12/3/2012 7:30,40.72530422,-111.8596637
BURGLARY,10/23/2012 13:11,40.73351008,-111.8308214
BURGLARY,5/27/2012 4:30,40.73947394,-111.9968595
BURGLARY,2/5/2012 10:39,40.76718852,-111.9031308
BURGLARY,7/6/2012 8:10,40.77580095,-111.9139732
BURGLARY,3/18/2012 2:17,40.73461352,-111.9228371
BURGLARY,9/14/2012 12:00,40.73470576,-111.9268915
BURGLARY,8/12/2012 10:13,40.72290402,-111.8768548
BURGLARY,7/9/2012 15:25,40.72069165,-111.8308873
BURGLARY,10/13/2012 10:06,40.71535082,-111.8560647
BURGLARY,11/27/2012 12:00,40.73916125,-111.8939551
BURGLARY,12/25/2012 20:30,40.75405378,-111.8825244
BURGLARY,9/26/2012 7:40,40.77768975,-111.9285246
BURGLARY,3/4/2012 20:25,40.73348446,-111.856507
BURGLARY,2/5/2012 5:46,40.72541532,-111.8710988
BURGLARY,4/1/2012 11:00,40.71857145,-111.8682973
BURGLARY,7/17/2012 17:00,40.76280181,-111.9391248
BURGLARY,10/8/2012 16:00,40.7334217,-111.8596557
BURGLARY,8/21/2012 1:00,40.74161504,-111.8823689
BURGLARY,3/19/2012 23:00,40.74490075,-111.8618712
BURGLARY,5/16/2012 14:01,40.74970037,-111.863915
BURGLARY,7/23/2012 16:57,40.76932365,-111.8741461
BURGLARY,10/7/2012 9:30,40.65056723,-111.8950199
BURGLARY,11/20/2012 17:40,40.74525567,-111.9111093
BURGLARY,12/15/2012 23:59,40.7716743,-111.9169686
BURGLARY,8/5/2012 22:00,40.74479983,-111.8090954
BURGLARY,1/2/2012 9:05,40.7891706,-111.9310344
BURGLARY,11/3/2012 9:13,40.73667174,-111.8911045
BURGLARY,6/2/2012 15:26,40.76932251,-111.8852478
BURGLARY,8/3/2012 7:36,40.76275105,-111.8768023
BURGLARY,12/21/2012 12:15,40.77404153,-111.8535204
BURGLARY,12/10/2012 17:45,40.74970012,-111.8653841
BURGLARY,5/30/2012 8:05,40.79499276,-111.9271135
BURGLARY,2/2/2012 6:30,40.77279553,-111.86241
BURGLARY,1/2/2012 13:35,40.77371746,-111.9169665
BURGLARY,7/27/2012 0:49,40.74156109,-111.8446033
BURGLARY,8/10/2012 10:31,40.73343037,-111.8739454
BURGLARY,9/22/2012 12:35,40.78466104,-111.9168121
BURGLARY,12/18/2012 6:33,40.77810255,-111.9168032
BURGLARY,10/11/2012 17:55,40.78030347,-111.9168032
BURGLARY,6/4/2012 18:30,40.75845631,-111.8824397
BURGLARY,10/25/2012 0:00,40.78250036,-111.8967841
BURGLARY,1/17/2012 8:30,40.77439153,-111.9070828
BURGLARY,7/30/2012 20:08,40.74569293,-111.871059
BURGLARY,2/21/2012 15:23,40.75622343,-111.9270421
BURGLARY,4/27/2012 15:54,40.78591542,-111.9183623
BURGLARY,8/7/2012 19:59,40.73348446,-111.8537171
BURGLARY,12/10/2012 22:29,40.76503776,-111.8940759
BURGLARY,11/8/2012 5:45,40.73477023,-111.8825464
BURGLARY,4/19/2012 7:00,40.78878518,-111.9153938
BURGLARY,11/12/2012 8:47,40.75032834,-111.9283208
BURGLARY,12/3/2012 12:15,40.73700104,-111.8596368
BURGLARY,11/6/2012 20:30,40.75624735,-111.9098278
BURGLARY,10/31/2012 10:30,40.71062892,-111.8546617
BURGLARY,2/26/2012 8:57,40.73141101,-111.8195112
BURGLARY,6/12/2012 0:03,40.72535257,-111.8712513
BURGLARY,7/14/2012 23:56,40.83993092,-111.9043246
BURGLARY,7/6/2012 18:00,40.77053704,-111.8881391
BURGLARY,9/25/2012 20:30,40.76058092,-111.9182823
BURGLARY,11/20/2012 21:37,40.72533079,-111.8653941
BURGLARY,7/4/2012 16:16,40.7472488,-111.8940361
BURGLARY,2/7/2012 13:00,40.79115335,-111.9347217
BURGLARY,8/24/2012 8:50,40.72753747,-111.8363885
BURGLARY,7/21/2012 16:30,40.7335066,-111.8823911
BURGLARY,8/3/2012 11:05,40.76275105,-111.8768023
BURGLARY,12/3/2012 8:30,40.75186144,-111.8539333
BURGLARY,11/26/2012 18:43,40.75404023,-111.860824
BURGLARY,7/25/2012 7:56,40.74661371,-111.8997141
BURGLARY,6/28/2012 15:07,40.79232904,-111.9455932
BURGLARY,1/9/2012 12:41,40.78466104,-111.9168121
BURGLARY,8/18/2012 15:55,40.73472081,-111.9367725
BURGLARY,8/29/2012 14:56,40.72660631,-111.8284768
BURGLARY,11/30/2012 1:10,40.72888116,-111.8606796
BURGLARY,3/25/2012 13:30,40.75839353,-111.8782461
BURGLARY,1/11/2012 19:00,40.76269318,-111.891242
BURGLARY,8/2/2012 15:30,40.7962593,-111.9261427
BURGLARY,10/14/2012 12:00,40.81029884,-111.9207042
BURGLARY,10/7/2012 16:54,40.77823135,-111.9444028
BURGLARY,12/5/2012 22:00,40.78880501,-111.9385605
BURGLARY,8/14/2012 18:57,40.72108602,-111.8243978
BURGLARY,9/28/2012 6:00,40.71412083,-111.8654884
BURGLARY,5/30/2012 21:00,40.75838007,-111.9228351
BURGLARY,7/19/2012 9:00,40.7390632,-111.8639322
BURGLARY,2/6/2012 8:34,40.74050875,-111.9503567
BURGLARY,11/4/2012 22:30,40.75839322,-111.876841
BURGLARY,11/9/2012 17:30,40.76464083,-111.8711066
BURGLARY,7/10/2012 5:16,40.72281102,-111.8536853
BURGLARY,7/30/2012 9:07,40.78249111,-111.9139425
BURGLARY,6/17/2012 23:24,40.72081371,-111.8579495
BURGLARY,5/25/2012 11:47,40.79577624,-111.9429053
BURGLARY,5/21/2012 10:39,40.76707241,-111.9055215
BURGLARY,9/4/2012 17:05,40.78956814,-111.9198308
BURGLARY,9/25/2012 16:53,40.75411646,-111.8823689
BURGLARY,11/2/2012 8:22,40.73343061,-111.8882635
BURGLARY,11/26/2012 9:32,40.72216663,-111.8711203
BURGLARY,9/27/2012 6:15,40.76714731,-111.8766996
BURGLARY,9/3/2012 19:42,40.72530422,-111.8596637
BURGLARY,1/4/2012 7:49,40.78022922,-111.9055846
BURGLARY,8/31/2012 19:30,40.71588329,-111.8583602
BURGLARY,9/2/2012 23:53,40.75632706,-111.8940582
BURGLARY,11/14/2012 9:30,40.74976333,-111.8652309
BURGLARY,7/3/2012 12:00,40.73062747,-111.8795127
BURGLARY,10/8/2012 8:10,40.77857196,-111.8700214
BURGLARY,11/30/2012 12:00,40.74933658,-111.821322
BURGLARY,12/30/2012 10:40,40.77392558,-111.8534377
BURGLARY,3/30/2012 7:55,40.76934579,-111.8709391
BURGLARY,6/5/2012 9:00,40.78890523,-111.8884597
BURGLARY,6/15/2012 17:00,40.74158806,-111.8879931
BURGLARY,10/3/2012 8:21,40.83993092,-111.9043246
BURGLARY,3/9/2012 9:00,40.70168251,-111.8596867
BURGLARY,6/25/2012 10:46,40.7716671,-111.9393875
BURGLARY,7/27/2012 13:23,40.71579702,-111.875606
BURGLARY,10/26/2012 11:00,40.73037588,-111.8737948
BURGLARY,5/1/2012 15:45,40.78029019,-111.9024906
BURGLARY,8/30/2012 16:00,40.73916125,-111.8939551
BURGLARY,5/28/2012 0:01,40.7278958,-111.8766474
BURGLARY,6/27/2012 17:30,40.71269366,-111.8309807
BURGLARY,9/20/2012 19:00,40.76282314,-111.9167789
BURGLARY,10/19/2012 8:09,40.73525649,-111.8192977
BURGLARY,4/9/2012 2:05,40.75842436,-111.8653631
BURGLARY,8/8/2012 15:11,40.74274171,-111.9279463
BURGLARY,8/28/2012 16:10,40.75413546,-111.9310103
BURGLARY,10/12/2012 15:51,40.77054519,-111.8834275
BURGLARY,1/23/2012 14:36,40.72390056,-111.8696726
BURGLARY,10/4/2012 19:15,40.75411646,-111.8823689
BURGLARY,2/18/2012 8:31,40.7518703,-111.8969244
BURGLARY,12/11/2012 11:30,40.74542685,-111.9267634
BURGLARY,11/28/2012 13:00,40.77053704,-111.8594208
BURGLARY,10/12/2012 10:18,40.74034307,-111.9342513
BURGLARY,4/5/2012 13:14,40.74955055,-111.8854064
BURGLARY,3/5/2012 9:25,40.74682765,-111.888108
BURGLARY,8/18/2012 11:54,40.74643242,-111.8823692
BURGLARY,11/20/2012 8:00,40.7642433,-111.9282954
BURGLARY,9/26/2012 9:38,40.76563656,-111.9308772
BURGLARY,5/26/2012 0:30,40.75403151,-111.9721455
BURGLARY,4/11/2012 13:15,40.73343037,-111.8767928
BURGLARY,7/28/2012 16:50,40.72627536,-111.8795169
BURGLARY,1/25/2012 16:19,40.75129856,-111.93116
BURGLARY,3/18/2012 2:04,40.73705281,-111.8451252
BURGLARY,3/24/2012 3:02,40.78242002,-111.9226744
BURGLARY,5/3/2012 14:39,40.77162541,-111.9090679
BURGLARY,10/21/2012 23:08,40.78824676,-111.8621949
BURGLARY,11/5/2012 9:23,40.71260287,-111.8636685
BURGLARY,6/29/2012 13:49,40.73683063,-111.9111715
BURGLARY,10/18/2012 12:00,40.73064548,-111.8823912
BURGLARY,12/11/2012 8:30,40.74820726,-111.9308462
BURGLARY,12/19/2012 18:32,40.76718997,-111.9142075
BURGLARY,3/14/2012 1:22,40.71632104,-111.8740265
BURGLARY,8/18/2012 8:48,40.728821,-111.8553664
BURGLARY,1/11/2012 21:00,40.77390057,-111.8910848
BURGLARY,7/13/2012 7:00,40.77054282,-111.8778405
BURGLARY,7/26/2012 14:15,40.73935977,-111.8911067
BURGLARY,7/28/2012 10:03,40.78835269,-111.8811305
BURGLARY,9/3/2012 13:00,40.75845631,-111.879517
BURGLARY,4/23/2012 16:30,40.78482441,-111.9111502
BURGLARY,3/31/2012 21:00,40.72542379,-111.8738313
BURGLARY,9/25/2012 23:15,40.75411646,-111.8823689
BURGLARY,4/20/2012 19:21,40.74161504,-111.8594784
BURGLARY,1/20/2012 13:59,40.71581449,-111.867131
BURGLARY,7/18/2012 6:43,40.73099342,-111.9580388
BURGLARY,4/20/2012 15:15,40.78482441,-111.9111502
BURGLARY,11/13/2012 10:01,40.78022724,-111.9311374
BURGLARY,5/13/2012 18:37,40.74051721,-111.9678269
BURGLARY,4/28/2012 23:30,40.73352956,-111.9191983
BURGLARY,8/23/2012 16:00,40.77507617,-111.8744375
BURGLARY,5/15/2012 17:45,40.76411777,-111.9252586
BURGLARY,3/25/2012 17:30,40.74514809,-111.905838
BURGLARY,7/19/2012 20:00,40.78132014,-111.9226883
BURGLARY,4/10/2012 23:45,40.77585368,-111.9262605
BURGLARY,6/9/2012 19:00,40.7289712,-111.8568041
BURGLARY,2/29/2012 9:00,40.74730284,-111.871207
BURGLARY,11/10/2012 9:42,40.71540221,-111.8514133
BURGLARY,10/1/2012 7:30,40.72663051,-111.8796772
BURGLARY,2/15/2012 4:28,40.78923116,-111.9345612
BURGLARY,2/20/2012 20:14,40.75193325,-111.8679411
BURGLARY,7/27/2012 17:36,40.73928845,-111.885415
BURGLARY,7/28/2012 12:23,40.69532071,-111.8655364
BURGLARY,12/17/2012 8:24,40.72672817,-111.8440919
BURGLARY,3/7/2012 9:58,40.77164813,-111.9422563
BURGLARY,2/10/2012 15:09,40.74731208,-111.9140705
BURGLARY,11/27/2012 15:50,40.76933694,-111.862348
BURGLARY,8/24/2012 0:58,40.73880204,-111.899732
BURGLARY,11/8/2012 12:00,40.7917232,-111.8880724
BURGLARY,11/9/2012 11:30,40.74798103,-111.8048503
BURGLARY,6/20/2012 12:39,40.75631545,-111.8679685
BURGLARY,12/14/2012 17:15,40.72084446,-111.827044
BURGLARY,2/16/2012 12:30,40.77278737,-111.8654609
BURGLARY,8/13/2012 17:12,40.73943852,-111.9245797
BURGLARY,6/17/2012 9:00,40.76717644,-111.9209219
BURGLARY,8/9/2012 8:35,40.76055414,-111.885239
BURGLARY,6/27/2012 14:29,40.75636098,-111.9364598
BURGLARY,8/28/2012 9:45,40.7530258,-111.8652093
BURGLARY,6/18/2012 8:03,40.77594148,-111.899652
BURGLARY,12/5/2012 5:45,40.75644119,-111.934277
BURGLARY,6/8/2012 6:15,40.74856005,-111.8555857
BURGLARY,7/29/2012 13:24,40.76836888,-111.8489778
BURGLARY,10/28/2012 22:00,40.77620363,-111.8684289
BURGLARY,3/16/2012 21:30,40.71261204,-111.85259
BURGLARY,8/22/2012 14:00,40.74148743,-111.9287061
BURGLARY,9/29/2012 9:45,40.76715523,-111.8623075
BURGLARY,5/21/2012 13:29,40.74052958,-111.9654014
BURGLARY,5/20/2012 7:00,40.77588665,-111.9112585
BURGLARY,6/23/2012 8:00,40.76833651,-111.9392051
BURGLARY,9/5/2012 5:00,40.77162789,-111.911506
BURGLARY,9/19/2012 5:11,40.73093267,-111.9390585
BURGLARY,4/7/2012 1:40,40.71718064,-111.8566143
BURGLARY,10/11/2012 19:38,40.73355729,-111.8221572
BURGLARY,5/10/2012 22:41,40.75644119,-111.934277
BURGLARY,3/19/2012 9:30,40.72052341,-111.8595987
BURGLARY,6/8/2012 1:45,40.75842436,-111.8653631
BURGLARY,7/5/2012 22:00,40.7716743,-111.9169686
BURGLARY,5/29/2012 7:02,40.71799531,-111.8132355
BURGLARY,10/23/2012 7:30,40.80031897,-111.9420269
BURGLARY,3/29/2012 13:51,40.78465022,-111.9310157
BURGLARY,1/25/2012 5:08,40.72057556,-111.8171082
BURGLARY,11/7/2012 13:00,40.73167452,-111.8595089
BURGLARY,4/6/2012 18:09,40.73672795,-111.9600408
BURGLARY,3/19/2012 3:14,40.73178513,-111.899753
BURGLARY,3/20/2012 12:46,40.77177418,-111.858002
BURGLARY,12/4/2012 5:30,40.74249508,-111.8340111
BURGLARY,8/9/2012 14:45,40.78021905,-111.9255485
BURGLARY,11/29/2012 11:30,40.73927836,-111.8796925
BURGLARY,10/16/2012 15:51,40.77507617,-111.8804292
BURGLARY,10/24/2012 8:11,40.73880204,-111.899732
BURGLARY,4/19/2012 0:01,40.78482441,-111.9111502
BURGLARY,7/31/2012 14:24,40.73667174,-111.8911045
BURGLARY,12/13/2012 7:31,40.74568398,-111.8539341
BURGLARY,6/18/2012 8:02,40.75846329,-111.8737387
BURGLARY,7/7/2012 12:00,40.71721484,-111.8738574
BURGLARY,10/5/2012 20:00,40.78237099,-111.886614
BURGLARY,8/10/2012 16:45,40.77163748,-111.9340511
BURGLARY,8/28/2012 19:31,40.76066776,-111.9322006
BURGLARY,11/4/2012 20:38,40.7728051,-111.8834181
BURGLARY,11/5/2012 3:51,40.74087419,-111.9390874
BURGLARY,4/15/2012 6:29,40.77823088,-111.93937
BURGLARY,12/2/2012 18:10,40.78466104,-111.9168121
BURGLARY,9/24/2012 0:17,40.76710406,-111.8683036
BURGLARY,1/18/2012 12:57,40.81678985,-111.9231834
BURGLARY,1/18/2012 13:24,40.75128819,-111.9365308
BURGLARY,6/23/2012 4:01,40.75197835,-111.9027069
BURGLARY,12/17/2012 8:30,40.76491627,-111.8623174
BURGLARY,3/19/2012 10:00,40.72052341,-111.8595987
BURGLARY,2/17/2012 9:30,40.73689073,-111.930481
BURGLARY,12/28/2012 23:08,40.76067429,-111.9343954
BURGLARY,10/2/2012 7:15,40.74975447,-111.8881081
BURGLARY,7/9/2012 17:41,40.77162789,-111.911506
BURGLARY,3/27/2012 12:42,40.73633529,-111.84873
BURGLARY,7/26/2012 8:00,40.73922193,-111.9111628
BURGLARY,10/19/2012 5:19,40.76493426,-111.8539118
BURGLARY,8/6/2012 7:04,40.72698261,-111.8539413
BURGLARY,4/11/2012 9:30,40.73533518,-111.85079
BURGLARY,9/13/2012 9:30,40.79789942,-111.9343974
BURGLARY,7/13/2012 6:00,40.71622079,-111.8712967
BURGLARY,11/30/2012 7:00,40.74737703,-111.8682199
BURGLARY,1/1/2012 15:29,40.78133877,-111.8937483
BURGLARY,10/29/2012 7:50,40.74158337,-111.8739333
BURGLARY,10/29/2012 6:32,40.73156502,-111.9648782
BURGLARY,10/27/2012 16:48,40.77279553,-111.8534601
BURGLARY,3/23/2012 5:14,40.70291026,-111.853432
BURGLARY,4/7/2012 4:56,40.73350122,-111.8250822
BURGLARY,12/25/2012 16:00,40.79308164,-111.9207029
BURGLARY,11/3/2012 8:48,40.72583603,-111.8507281
BURGLARY,12/15/2012 10:05,40.77162541,-111.9090679
BURGLARY,11/2/2012 11:55,40.75129856,-111.93116
BURGLARY,9/17/2012 13:56,40.75411552,-111.8623484
BURGLARY,5/21/2012 8:23,40.76420521,-111.8795166
BURGLARY,4/10/2012 17:30,40.76709086,-111.8624629
BURGLARY,10/28/2012 0:40,40.73880204,-111.899732
BURGLARY,11/14/2012 7:28,40.73342179,-111.8953624
BURGLARY,9/15/2012 19:30,40.74971205,-111.8467803
BURGLARY,12/17/2012 13:00,40.71683882,-111.8490444
BURGLARY,8/22/2012 19:33,40.71545739,-111.8450364
BURGLARY,8/29/2012 8:15,40.73343037,-111.8739454
BURGLARY,9/3/2012 0:00,40.77816802,-111.9453881
BURGLARY,7/17/2012 15:00,40.76717435,-111.8538106
BURGLARY,10/3/2012 8:31,40.76934579,-111.8709391
BURGLARY,4/9/2012 16:45,40.71729011,-111.8525963
BURGLARY,7/13/2012 14:12,40.77722612,-111.8730383
BURGLARY,6/10/2012 4:38,40.76269318,-111.891242
BURGLARY,10/19/2012 5:50,40.74399162,-111.8211873
BURGLARY,9/14/2012 7:12,40.76493389,-111.8768139
BURGLARY,5/3/2012 3:00,40.75775975,-111.9616922
BURGLARY,3/17/2012 19:17,40.74073508,-111.8823684
BURGLARY,9/7/2012 20:08,40.76063405,-111.8619499
BURGLARY,5/9/2012 19:40,40.79867963,-111.9427938
BURGLARY,6/5/2012 0:54,40.79109015,-111.9369466
BURGLARY,9/2/2012 18:21,40.73140366,-111.8680605
BURGLARY,8/24/2012 8:43,40.78672408,-111.9452805
BURGLARY,4/14/2012 9:00,40.7393856,-111.8538916
BURGLARY,11/24/2012 8:28,40.74151202,-111.8896742
BURGLARY,6/15/2012 23:45,40.76057232,-111.8912259
BURGLARY,9/19/2012 20:55,40.74731051,-111.8696466
BURGLARY,9/16/2012 9:00,40.77374141,-111.919664
BURGLARY,12/6/2012 20:00,40.73343037,-111.871213
BURGLARY,11/7/2012 8:58,40.78021905,-111.9255485
BURGLARY,7/28/2012 2:10,40.66726905,-111.9235727
BURGLARY,9/28/2012 10:08,40.72543285,-111.8824179
BURGLARY,1/21/2012 14:53,40.78432758,-111.8969856
BURGLARY,3/18/2012 9:30,40.72052341,-111.8595987
BURGLARY,11/4/2012 20:00,40.73922193,-111.9111628
BURGLARY,4/26/2012 3:00,40.74714003,-111.8969122
BURGLARY,10/1/2012 11:30,40.77408335,-111.8860208
BURGLARY,4/25/2012 6:45,40.76069717,-111.8969281
BURGLARY,10/15/2012 8:16,40.77580095,-111.9139732
BURGLARY,3/8/2012 18:00,40.72874646,-111.8939928
BURGLARY,10/11/2012 20:32,40.7463702,-111.8839624
BURGLARY,8/2/2012 7:45,40.771684,-111.8774489
BURGLARY,10/4/2012 9:46,40.75521958,-111.9141855
BURGLARY,10/14/2012 12:45,40.72546323,-111.8306987
BURGLARY,12/23/2012 14:30,40.77849512,-111.893976
BURGLARY,9/26/2012 16:42,40.78466735,-111.9198983
BURGLARY,12/27/2012 19:10,40.72554845,-112.0668312
BURGLARY,9/7/2012 23:30,40.7757501,-111.9356759
BURGLARY,9/2/2012 15:08,40.79347223,-111.9391933
BURGLARY,5/14/2012 6:21,40.74002407,-112.0123325
BURGLARY,7/1/2012 23:55,40.80758778,-111.9431975
BURGLARY,9/16/2012 9:00,40.77374141,-111.919664
BURGLARY,1/6/2012 7:30,40.77723149,-111.8760475
BURGLARY,6/4/2012 15:16,40.76064312,-111.8594787
BURGLARY,6/1/2012 19:00,40.77630931,-111.8522014
BURGLARY,9/14/2012 16:56,40.74740154,-111.8432836
BURGLARY,8/2/2012 21:30,40.75842601,-111.9475397
BURGLARY,9/7/2012 13:07,40.72151493,-111.8089969
BURGLARY,4/14/2012 18:00,40.72859998,-111.8855699
BURGLARY,7/13/2012 17:00,40.72108602,-111.8243978
BURGLARY,10/3/2012 6:45,40.76273321,-111.9026725
BURGLARY,3/15/2012 22:21,40.7540312,-111.8796706
BURGLARY,12/14/2012 7:55,40.74503911,-111.9390515
BURGLARY,8/26/2012 7:55,40.73906331,-111.8839846
BURGLARY,7/13/2012 9:00,40.70806033,-111.8655065
BURGLARY,9/4/2012 17:35,40.77051666,-111.8744369
BURGLARY,2/28/2012 21:00,40.7289712,-111.8568041
BURGLARY,8/16/2012 22:00,40.76280502,-111.8795303
BURGLARY,8/11/2012 11:00,40.79698107,-111.9456024
BURGLARY,9/3/2012 23:21,40.75647115,-111.8711066
BURGLARY,11/8/2012 9:00,40.76411583,-111.8679588
BURGLARY,9/3/2012 0:57,40.72106101,-111.8157198
BURGLARY,2/10/2012 4:00,40.76823065,-111.9169576
BURGLARY,9/30/2012 16:47,40.76718852,-111.9031308
BURGLARY,11/8/2012 9:00,40.78029039,-111.9283711
BURGLARY,8/27/2012 9:00,40.75403968,-111.8779417
BURGLARY,9/29/2012 14:18,40.76715523,-111.8623075
BURGLARY,4/21/2012 16:06,40.74580957,-111.9662926
BURGLARY,9/14/2012 9:30,40.73932922,-111.8882624
BURGLARY,6/11/2012 16:40,40.75632706,-111.8969278
BURGLARY,9/28/2012 8:30,40.72668782,-111.8639416
BURGLARY,4/10/2012 22:56,40.74375921,-111.8940582
BURGLARY,4/20/2012 14:00,40.70863661,-111.8624212
BURGLARY,12/12/2012 17:03,40.75229083,-111.9336913
BURGLARY,4/11/2012 17:40,40.76280181,-111.9391248
BURGLARY,5/30/2012 20:43,40.77174334,-111.9168121
BURGLARY,11/5/2012 18:30,40.71822461,-111.8579959
BURGLARY,12/11/2012 7:12,40.74477958,-111.8939801
BURGLARY,11/29/2012 10:06,40.75405351,-111.8997143
BURGLARY,12/26/2012 11:07,40.72874885,-111.8696504
BURGLARY,4/18/2012 19:00,40.72859998,-111.8855699
BURGLARY,7/4/2012 18:38,40.74703665,-111.810796
BURGLARY,10/29/2012 14:28,40.75417315,-111.9140667
BURGLARY,11/15/2012 23:53,40.73093101,-111.8911542
BURGLARY,11/2/2012 17:00,40.71039966,-111.8341289
BURGLARY,3/9/2012 10:34,40.73477023,-111.8825464
BURGLARY,4/19/2012 0:00,40.78490412,-111.8650291
BURGLARY,11/20/2012 9:26,40.73566325,-111.8395306
BURGLARY,1/12/2012 20:33,40.74969173,-111.8910754
BURGLARY,11/8/2012 15:37,40.78466104,-111.9168121
BURGLARY,11/24/2012 17:00,40.72319215,-111.8654042
BURGLARY,4/22/2012 15:22,40.71721484,-111.8738574
BURGLARY,5/14/2012 12:27,40.74344525,-111.8852469
BURGLARY,9/28/2012 17:00,40.76716608,-111.8823205
BURGLARY,7/13/2012 23:00,40.75839346,-111.8625958
BURGLARY,8/31/2012 18:00,40.78482441,-111.9111502
BURGLARY,9/13/2012 16:54,40.74980764,-111.8970078
BURGLARY,12/12/2012 16:45,40.78482441,-111.9111502
BURGLARY,4/9/2012 12:18,40.76275092,-111.8711023
BURGLARY,10/7/2012 2:21,40.73692154,-111.8479872
BURGLARY,9/11/2012 14:28,40.74764006,-111.9168867
BURGLARY,10/17/2012 17:26,40.79789942,-111.9343974
BURGLARY,1/1/2012 13:19,40.77810238,-111.9225417
BURGLARY,7/24/2012 7:00,40.72106101,-111.8157198
BURGLARY,5/10/2012 17:00,40.7781693,-111.9395243
BURGLARY,3/10/2012 14:00,40.72823716,-111.8680606
BURGLARY,10/1/2012 8:40,40.76716608,-111.8823205
BURGLARY,7/10/2012 14:36,40.76275092,-111.8711023
BURGLARY,8/14/2012 21:00,40.74713238,-111.893955
BURGLARY,9/5/2012 8:19,40.73341321,-111.8997344
BURGLARY,11/6/2012 15:00,40.73445429,-111.8680696
BURGLARY,12/8/2012 10:15,40.78905403,-111.9168209
BURGLARY,10/2/2012 4:47,40.76932187,-111.8795398
BURGLARY,8/13/2012 14:30,40.77505322,-111.8534295
BURGLARY,12/16/2012 12:00,40.73477023,-111.8825464
BURGLARY,11/12/2012 14:44,40.78278917,-111.9476884
BURGLARY,3/21/2012 12:44,40.76931479,-111.8822055
BURGLARY,6/1/2012 8:00,40.77425799,-111.8912202
BURGLARY,5/14/2012 12:09,40.73287849,-112.0189131
BURGLARY,10/23/2012 18:50,40.73406983,-111.9324658
BURGLARY,4/11/2012 10:39,40.76267998,-111.8854013
BURGLARY,6/24/2012 21:48,40.78297542,-111.8744114
BURGLARY,2/7/2012 9:42,40.77390083,-111.8522014
BURGLARY,11/26/2012 12:47,40.75958232,-111.9255621
BURGLARY,11/3/2012 16:37,40.76274224,-111.8796854
BURGLARY,5/26/2012 15:00,40.78078336,-111.9113911
BURGLARY,4/22/2012 11:28,40.78482441,-111.9111502
BURGLARY,1/14/2012 10:52,40.78784764,-111.9311776
BURGLARY,6/23/2012 9:14,40.71410446,-111.8712927
BURGLARY,9/29/2012 9:45,40.76715523,-111.8623075
BURGLARY,8/27/2012 7:35,40.77694085,-111.9405184
BURGLARY,12/30/2012 8:00,40.75405351,-111.8997143
BURGLARY,11/3/2012 8:00,40.75631545,-111.8679685
BURGLARY,1/25/2012 16:47,40.71721484,-111.8738574
BURGLARY,10/3/2012 22:00,40.83993092,-111.9043246
BURGLARY,3/26/2012 11:50,40.7287903,-111.9391265
BURGLARY,8/29/2012 16:30,40.77631401,-111.8774946
BURGLARY,2/22/2012 12:20,40.75647115,-111.8711066
BURGLARY,3/30/2012 6:57,40.76715305,-111.8652002
BURGLARY,1/25/2012 7:51,40.72057556,-111.8171082
BURGLARY,10/12/2012 9:14,40.77390057,-111.8910848
BURGLARY,4/12/2012 10:25,40.74902085,-111.9348043
BURGLARY,10/2/2012 21:00,40.76273321,-111.9026725
BURGLARY,5/4/2012 12:39,40.73916125,-111.8939551
BURGLARY,7/30/2012 17:54,40.76709086,-111.8653546
BURGLARY,10/7/2012 7:00,40.75624095,-111.865371
BURGLARY,10/15/2012 11:07,40.72622538,-111.9920292
BURGLARY,11/23/2012 16:22,40.74051679,-111.8306583
BURGLARY,7/21/2012 15:32,40.74971208,-111.8453255
BURGLARY,9/22/2012 16:29,40.72535257,-111.8712513
BURGLARY,4/4/2012 20:39,40.72616312,-111.8582014
BURGLARY,12/10/2012 9:45,40.74765405,-111.8594081
BURGLARY,11/30/2012 16:30,40.76932251,-111.8852478
BURGLARY,11/25/2012 1:09,40.79116874,-111.9407101
BURGLARY,10/31/2012 11:40,40.73318814,-111.9424305
BURGLARY,11/29/2012 19:49,40.7649122,-111.8682956
BURGLARY,12/14/2012 14:00,40.72680459,-111.8281614
BURGLARY,10/5/2012 14:30,40.72348132,-111.8133369
BURGLARY,11/4/2012 13:00,40.76503604,-111.8969462
BURGLARY,11/14/2012 13:03,40.74973822,-111.8680468
BURGLARY,6/1/2012 12:15,40.73065433,-111.8881172
BURGLARY,7/16/2012 9:55,40.76280181,-111.9391248
BURGLARY,2/4/2012 10:00,40.74155201,-111.8839931
BURGLARY,2/26/2012 5:49,40.76497494,-111.8679676
BURGLARY,4/10/2012 19:00,40.76709086,-111.8624629
BURGLARY,4/10/2012 18:00,40.76464083,-111.8711066
BURGLARY,11/25/2012 9:17,40.78787847,-111.9369479
BURGLARY,10/1/2012 2:27,40.74682765,-111.888108
BURGLARY,2/20/2012 15:00,40.77425799,-111.8912202
BURGLARY,4/18/2012 9:00,40.72703399,-111.8841385
BURGLARY,9/29/2012 23:45,40.76285084,-111.9027554
BURGLARY,11/29/2012 7:10,40.74980843,-111.8941158
BURGLARY,7/30/2012 22:33,40.76275105,-111.8768023
BURGLARY,4/24/2012 5:00,40.77756307,-111.8715599
BURGLARY,10/20/2012 15:47,40.74502131,-111.9223956
BURGLARY,4/18/2012 17:56,40.79347359,-111.9415536
BURGLARY,10/29/2012 7:18,40.73343037,-111.8653852
BURGLARY,1/16/2012 12:30,40.75521958,-111.9141855
BURGLARY,10/16/2012 7:59,40.78682904,-111.9109634
BURGLARY,9/23/2012 18:35,40.75621015,-111.8997232
BURGLARY,2/4/2012 16:00,40.7392284,-111.9862271
BURGLARY,5/29/2012 8:40,40.76491187,-111.8871725
BURGLARY,7/3/2012 13:25,40.75851171,-111.8998057
BURGLARY,3/3/2012 18:00,40.78485122,-111.9443602
BURGLARY,8/14/2012 7:47,40.7314887,-111.8939958
BURGLARY,3/2/2012 16:00,40.71799531,-111.8132355
BURGLARY,3/20/2012 13:15,40.77162541,-111.9090679
BURGLARY,11/27/2012 13:05,40.77767162,-111.9308706
BURGLARY,12/16/2012 15:00,40.76716608,-111.8823205
BURGLARY,10/16/2012 18:30,40.73836189,-111.9235365
BURGLARY,12/11/2012 14:40,40.78664826,-111.9227104
BURGLARY,4/9/2012 6:20,40.73673565,-111.8737775
BURGLARY,7/26/2012 14:00,40.73343037,-111.8653852
BURGLARY,7/29/2012 4:30,40.76280502,-111.8823202
BURGLARY,10/24/2012 9:45,40.74174081,-111.8358606
BURGLARY,1/21/2012 7:00,40.77482549,-111.9153071
BURGLARY,10/9/2012 5:55,40.72683323,-111.8596637
BURGLARY,12/15/2012 4:32,40.72300543,-111.8590111
BURGLARY,1/6/2012 9:01,40.76274302,-111.8852473
BURGLARY,9/5/2012 17:00,40.78736052,-111.914379
BURGLARY,4/3/2012 10:49,40.78915617,-111.8858885
BURGLARY,9/2/2012 1:00,40.74970074,-111.8796552
BURGLARY,2/26/2012 1:04,40.74287651,-111.8911076
BURGLARY,5/20/2012 13:58,40.74308619,-111.9580543
BURGLARY,1/4/2012 7:48,40.73866033,-111.871213
BURGLARY,4/10/2012 10:00,40.74764006,-111.9168867
BURGLARY,3/9/2012 10:30,40.78438205,-111.8996608
BURGLARY,12/3/2012 16:00,40.73927836,-111.8796925
BURGLARY,11/18/2012 19:00,40.75848813,-111.9256825
BURGLARY,11/25/2012 0:00,40.72537603,-111.8566575
BURGLARY,3/12/2012 18:51,40.78919557,-111.9284012
BURGLARY,8/5/2012 7:30,40.7716421,-111.9142158
BURGLARY,4/18/2012 21:00,40.72035695,-111.8218251
BURGLARY,11/5/2012 14:40,40.75773323,-111.869
BURGLARY,9/6/2012 14:30,40.74484206,-111.8613952
BURGLARY,3/31/2012 9:25,40.72329506,-111.8738087
BURGLARY,5/2/2012 17:48,40.75623157,-111.8796813
BURGLARY,5/24/2012 17:43,40.76833651,-111.9392051
BURGLARY,3/19/2012 10:29,40.72052341,-111.8595987
BURGLARY,7/16/2012 20:14,40.72316099,-111.8295668
BURGLARY,12/3/2012 0:55,40.7540401,-111.8595347
BURGLARY,9/26/2012 2:00,40.7167039,-111.8399823
BURGLARY,9/22/2012 22:04,40.74969733,-111.893942
BURGLARY,11/20/2012 16:27,40.7832607,-111.9437274
BURGLARY,11/5/2012 13:38,40.78029039,-111.9283711
BURGLARY,7/16/2012 16:48,40.73873598,-111.8737692
BURGLARY,5/29/2012 20:00,40.74264164,-111.8596246
BURGLARY,9/20/2012 15:07,40.74313654,-111.8284139
BURGLARY,5/17/2012 18:09,40.75845784,-111.8709607
BURGLARY,12/4/2012 10:09,40.78022844,-111.9285242
BURGLARY,12/13/2012 17:15,40.77849512,-111.893976
BURGLARY,3/1/2012 7:30,40.77166354,-111.9082206
BURGLARY,6/11/2012 11:48,40.74514809,-111.905838
BURGLARY,9/26/2012 19:09,40.77803997,-111.9226967
BURGLARY,3/19/2012 10:00,40.72052341,-111.8595987
BURGLARY,4/8/2012 15:35,40.73093101,-111.8911542
BURGLARY,1/21/2012 20:30,40.74431937,-111.8506906
BURGLARY,9/21/2012 16:23,40.74973822,-111.8680468
BURGLARY,8/8/2012 15:00,40.76931479,-111.8822055
BURGLARY,8/20/2012 9:33,40.75845631,-111.8824397
BURGLARY,9/7/2012 20:34,40.77150072,-111.8881469
BURGLARY,2/2/2012 10:00,40.77281118,-111.8594305
BURGLARY,6/22/2012 10:40,40.74602608,-111.8363885
BURGLARY,11/14/2012 22:49,40.71261237,-111.8625422
BURGLARY,7/13/2012 10:00,40.73037588,-111.8737948
BURGLARY,11/27/2012 11:35,40.75959271,-111.9313308
BURGLARY,10/31/2012 23:00,40.760581,-111.8596327
BURGLARY,10/3/2012 7:39,40.83993092,-111.9043246
BURGLARY,7/13/2012 0:01,40.72099445,-111.8767013
BURGLARY,10/11/2012 16:00,40.74174081,-111.8358606
BURGLARY,4/9/2012 20:49,40.79027975,-111.9189371
BURGLARY,3/27/2012 8:01,40.75830036,-111.8539245
BURGLARY,7/3/2012 15:15,40.75959271,-111.9313308
BURGLARY,3/16/2012 9:20,40.75403137,-111.8682814
BURGLARY,9/29/2012 12:00,40.73214519,-111.8527786
BURGLARY,1/15/2012 19:40,40.78919557,-111.9284012
BURGLARY,1/7/2012 18:00,40.77632249,-111.8700133
BURGLARY,10/22/2012 17:00,40.73064585,-111.8853094
BURGLARY,9/16/2012 9:00,40.77374141,-111.919664
BURGLARY,8/28/2012 14:05,40.76275092,-111.8711023
BURGLARY,9/27/2012 10:00,40.77698066,-111.9140749
BURGLARY,5/20/2012 23:15,40.75647115,-111.8711066
BURGLARY,11/23/2012 4:01,40.7273044,-111.9390377
BURGLARY,5/29/2012 8:40,40.73944682,-111.951457
BURGLARY,1/30/2012 21:45,40.79093168,-111.9391933
BURGLARY,8/10/2012 12:30,40.75218002,-111.9301142
BURGLARY,1/23/2012 15:27,40.72348132,-111.8133369
BURGLARY,5/2/2012 21:30,40.75958232,-111.9255621
BURGLARY,8/25/2012 18:46,40.75018307,-111.9261033
BURGLARY,3/23/2012 6:15,40.76285012,-111.9055987
BURGLARY,1/25/2012 3:47,40.72057556,-111.8171082
BURGLARY,6/14/2012 16:30,40.75411646,-111.8823689
BURGLARY,10/17/2012 8:00,40.77725077,-111.8970167
BURGLARY,10/24/2012 22:30,40.77643789,-112.0239107
BURGLARY,9/25/2012 21:08,40.76500158,-111.88811
BURGLARY,8/22/2012 12:00,40.74727018,-111.8653671
BURGLARY,11/30/2012 21:45,40.73640464,-111.8249245
BURGLARY,8/7/2012 17:51,40.73155276,-111.8623573
BURGLARY,11/2/2012 18:03,40.76280502,-111.8795303
BURGLARY,7/13/2012 17:30,40.76280181,-111.9391248
BURGLARY,6/5/2012 15:58,40.73722133,-111.8185002
BURGLARY,6/4/2012 7:04,40.77162541,-111.9090679
BURGLARY,7/9/2012 17:06,40.77433177,-111.8916257
BURGLARY,12/4/2012 5:09,40.76711184,-111.8539592
BURGLARY,2/17/2012 7:20,40.79341064,-111.9423276
BURGLARY,1/28/2012 15:35,40.77603336,-111.8911022
BURGLARY,9/5/2012 7:30,40.78461031,-111.9371084
BURGLARY,12/29/2012 19:00,40.72536717,-111.8595094
BURGLARY,3/30/2012 8:00,40.77406383,-111.8805123
BURGLARY,11/22/2012 3:31,40.78021905,-111.9255485
BURGLARY,4/11/2012 9:19,40.75617711,-111.9390653
BURGLARY,10/16/2012 21:00,40.78833142,-111.8655904
BURGLARY,12/13/2012 23:00,40.73898332,-111.8537308
BURGLARY,9/2/2012 0:00,40.73093101,-111.8911542
BURGLARY,12/31/2012 12:00,40.74765405,-111.8594081
BURGLARY,10/20/2012 1:00,40.79401113,-111.9451091
BURGLARY,12/17/2012 22:08,40.74541996,-111.9257236
BURGLARY,12/20/2012 15:29,40.74792884,-111.9295043
BURGLARY,7/19/2012 20:18,40.77805731,-111.9055987
BURGLARY,2/13/2012 21:17,40.75531118,-111.9374843
BURGLARY,9/16/2012 9:00,40.77374141,-111.919664
BURGLARY,12/25/2012 2:08,40.77823076,-111.9452327
BURGLARY,11/24/2012 23:59,40.73146072,-111.8852656
BURGLARY,4/22/2012 23:30,40.76048425,-111.8682843
BURGLARY,5/1/2012 8:35,40.72324596,-111.858978
BURGLARY,12/23/2012 16:00,40.75196064,-111.9141854
BURGLARY,1/2/2012 2:30,40.72988386,-111.8421472
BURGLARY,4/1/2012 2:01,40.73125554,-112.005789
BURGLARY,11/9/2012 8:05,40.74270331,-111.85947
BURGLARY,6/26/2012 18:00,40.77961608,-111.8832896
BURGLARY,11/21/2012 8:00,40.76275105,-111.8768023
BURGLARY,1/26/2012 15:28,40.78591542,-111.9183623
BURGLARY,3/23/2012 13:29,40.72546948,-111.8941247
BURGLARY,8/16/2012 7:30,40.7824503,-111.9285468
BURGLARY,9/30/2012 19:38,40.76932365,-111.8766783
BURGLARY,12/26/2012 4:15,40.74157377,-111.827245
BURGLARY,8/24/2012 23:00,40.740622,-111.8753619
BURGLARY,12/9/2012 9:44,40.79498041,-111.9391938
BURGLARY,10/17/2012 21:00,40.73093101,-111.8911542
BURGLARY,8/10/2012 9:41,40.73719548,-111.8277577
BURGLARY,12/6/2012 7:33,40.77598153,-111.8953218
BURGLARY,5/29/2012 17:32,40.71536255,-111.8388551
BURGLARY,3/17/2012 7:42,40.77165825,-111.9365683
BURGLARY,7/30/2012 19:00,40.72922525,-111.8594869
BURGLARY,3/5/2012 8:10,40.73735454,-111.8795393
BURGLARY,11/14/2012 23:30,40.74151202,-111.8896742
BURGLARY,12/29/2012 11:57,40.75837122,-111.9182738
BURGLARY,12/20/2012 8:46,40.74158806,-111.8879931
BURGLARY,4/16/2012 0:17,40.72541532,-111.8710988
BURGLARY,2/10/2012 1:00,40.75844712,-111.9373155
BURGLARY,6/20/2012 12:45,40.74953231,-111.8253444
BURGLARY,8/25/2012 21:30,40.7951847,-111.9044844
BURGLARY,11/12/2012 18:30,40.73461352,-111.9228371
BURGLARY,4/30/2012 9:16,40.74151209,-111.8911137
BURGLARY,5/30/2012 0:01,40.75775975,-111.9616922
BURGLARY,7/25/2012 7:40,40.72052341,-111.842076
BURGLARY,3/17/2012 9:41,40.74052818,-111.9610802
BURGLARY,6/7/2012 10:41,40.75182081,-111.9506792
BURGLARY,8/8/2012 18:40,40.72880141,-111.8739573
BURGLARY,7/16/2012 8:00,40.76715373,-111.8852385
BURGLARY,6/15/2012 8:15,40.75775975,-111.9616922
BURGLARY,3/31/2012 2:10,40.77505322,-111.8534295
BURGLARY,7/15/2012 10:33,40.76275105,-111.8768023
BURGLARY,11/5/2012 7:45,40.7604163,-111.9168656
BURGLARY,11/22/2012 11:01,40.75400026,-111.916874
BURGLARY,10/15/2012 15:08,40.78904593,-111.9454688
BURGLARY,10/19/2012 4:00,40.74308619,-111.9580543
BURGLARY,2/6/2012 11:30,40.75405378,-111.8825244
BURGLARY,3/20/2012 23:30,40.70957543,-111.8457902
BURGLARY,9/5/2012 15:15,40.74281085,-111.8796473
BURGLARY,5/11/2012 9:16,40.7025245,-111.8565775
BURGLARY,2/5/2012 10:39,40.76718852,-111.9031308
BURGLARY,8/6/2012 12:39,40.78250036,-111.8967841
BURGLARY,11/30/2012 16:25,40.75623272,-111.8567472
BURGLARY,10/3/2012 9:30,40.77390057,-111.8910848
BURGLARY,10/15/2012 10:50,40.74160618,-111.8680607
BURGLARY,12/4/2012 13:23,40.75413157,-111.9260266
BURGLARY,4/20/2012 8:00,40.74151202,-111.8896742
BURGLARY,9/6/2012 11:16,40.77280299,-111.8804298
BURGLARY,9/24/2012 8:18,40.74118554,-111.9517985
BURGLARY,6/4/2012 6:48,40.76284212,-111.919818
BURGLARY,8/10/2012 8:01,40.74734047,-111.866797
BURGLARY,9/15/2012 20:47,40.72094802,-111.86969
BURGLARY,10/7/2012 7:54,40.72539374,-111.8652398
BURGLARY,2/9/2012 7:00,40.72080111,-111.8712667
BURGLARY,12/1/2012 14:11,40.73349332,-111.8652309
BURGLARY,3/19/2012 11:37,40.72052341,-111.8595987
BURGLARY,11/14/2012 7:30,40.79138855,-111.8909348
BURGLARY,9/6/2012 9:00,40.76280181,-111.9391248
BURGLARY,12/27/2012 6:35,40.73700104,-111.8596368
BURGLARY,9/12/2012 9:44,40.75620986,-111.8968434
BURGLARY,10/22/2012 16:28,40.78737077,-111.9163983
BURGLARY,1/23/2012 1:30,40.76052438,-111.8766606
BURGLARY,8/17/2012 19:15,40.73833465,-111.8881077
BURGLARY,1/5/2012 8:30,40.7911531,-111.9313816
BURGLARY,11/6/2012 15:35,40.78387011,-111.9421067
BURGLARY,10/24/2012 0:00,40.77261962,-111.9113776
BURGLARY,12/12/2012 9:00,40.74161504,-111.8594784
BURGLARY,3/12/2012 2:18,40.77162541,-111.9090679
BURGLARY,5/17/2012 13:00,40.75184373,-111.9141023
BURGLARY,4/23/2012 1:40,40.70168251,-111.8596867
BURGLARY,8/3/2012 8:51,40.76048392,-111.8710949
BURGLARY,4/26/2012 5:30,40.75623272,-111.8567472
BURGLARY,4/24/2012 17:52,40.76487193,-111.9348839
BURGLARY,9/5/2012 1:55,40.73880204,-111.899732
BURGLARY,9/24/2012 6:00,40.74506093,-111.869659
BURGLARY,3/26/2012 11:53,40.73049954,-111.8940851
BURGLARY,11/29/2012 21:21,40.79157727,-111.9396046
BURGLARY,5/20/2012 14:00,40.73603012,-111.9694562
BURGLARY,7/4/2012 16:51,40.76637325,-111.8670808
BURGLARY,12/28/2012 11:00,40.74071515,-111.8680611
BURGLARY,11/4/2012 6:18,40.72081371,-111.8579495
BURGLARY,6/20/2012 22:21,40.75959271,-111.9313308
BURGLARY,5/2/2012 6:29,40.77281113,-111.8744296
BURGLARY,10/18/2012 8:00,40.78892488,-111.8887093
BURGLARY,6/10/2012 17:30,40.73931188,-111.886777
BURGLARY,12/15/2012 8:30,40.74035182,-111.9580536
BURGLARY,8/16/2012 6:00,40.74253315,-111.8047398
BURGLARY,12/5/2012 9:32,40.78243561,-111.916967
BURGLARY,6/10/2012 9:32,40.71765191,-111.871275
BURGLARY,1/23/2012 1:56,40.75844995,-111.9462159
BURGLARY,11/24/2012 18:00,40.72099445,-111.8767013
BURGLARY,10/30/2012 16:00,40.73755265,-111.8639238
BURGLARY,11/20/2012 8:30,40.74506218,-111.8882624
BURGLARY,2/24/2012 11:53,40.72351243,-111.8125476
BURGLARY,2/24/2012 16:00,40.73093101,-111.8911542
BURGLARY,4/11/2012 20:00,40.75958232,-111.9255621
BURGLARY,4/18/2012 16:45,40.77958291,-111.8684597
BURGLARY,11/8/2012 17:00,40.78459808,-111.9169665
BURGLARY,9/23/2012 15:26,40.80415304,-111.9183208
BURGLARY,3/8/2012 17:00,40.71259023,-111.8713016
BURGLARY,12/25/2012 21:57,40.72540593,-111.8680789
BURGLARY,11/10/2012 11:40,40.76953668,-111.8565944
BURGLARY,7/23/2012 19:10,40.74969173,-111.8910754
BURGLARY,6/16/2012 12:22,40.76064312,-111.8594787
BURGLARY,9/11/2012 14:21,40.75625415,-111.8683111
BURGLARY,6/30/2012 11:42,40.74439116,-112.0270695
BURGLARY,8/3/2012 11:18,40.76275105,-111.8768023
BURGLARY,8/13/2012 8:30,40.70168251,-111.8596867
BURGLARY,5/23/2012 17:36,40.78138427,-112.0361813
BURGLARY,7/16/2012 18:00,40.7604617,-111.8768161
BURGLARY,9/24/2012 7:57,40.78472646,-111.8859551
BURGLARY,8/15/2012 12:32,40.73064548,-111.8823912
BURGLARY,5/17/2012 18:00,40.73667208,-111.8753231
BURGLARY,2/16/2012 15:00,40.70168251,-111.8596867
BURGLARY,7/5/2012 21:08,40.7414212,-111.8610667
BURGLARY,7/22/2012 10:00,40.73093101,-111.8911542
BURGLARY,5/21/2012 20:37,40.76511672,-111.905568
BURGLARY,5/15/2012 8:27,40.85008022,-111.9279544
BURGLARY,8/30/2012 22:00,40.70168251,-111.8596867
BURGLARY,9/27/2012 15:20,40.75622343,-111.8740339
BURGLARY,12/14/2012 14:32,40.72888144,-111.8639
BURGLARY,5/14/2012 6:47,40.72891168,-111.9168922
BURGLARY,1/14/2012 5:00,40.7458051,-111.9699389
BURGLARY,7/21/2012 2:35,40.73342151,-111.8538713
BURGLARY,2/27/2012 5:26,40.74477132,-111.8926146
BURGLARY,11/9/2012 19:59,40.74162389,-111.8335509
BURGLARY,8/23/2012 5:00,40.76280502,-111.8795303
BURGLARY,2/29/2012 8:00,40.79116874,-111.9407101
BURGLARY,9/19/2012 8:05,40.72546948,-111.8941247
BURGLARY,12/1/2012 0:09,40.73525649,-111.8192977
BURGLARY,3/24/2012 0:12,40.7126818,-111.850504
BURGLARY,12/21/2012 3:07,40.76103123,-111.9054888
BURGLARY,8/15/2012 15:27,40.77326221,-111.8476005
BURGLARY,11/22/2012 22:15,40.76067429,-111.9343954
BURGLARY,2/6/2012 17:25,40.77378041,-111.9168121
BURGLARY,5/11/2012 5:55,40.73341265,-111.8926244
BURGLARY,7/29/2012 22:42,40.75958232,-111.9255621
BURGLARY,8/26/2012 20:30,40.71547292,-111.8533411
BURGLARY,5/16/2012 5:59,40.72535257,-111.8712513
BURGLARY,2/2/2012 1:00,40.78175947,-111.9409154
BURGLARY,6/26/2012 19:58,40.74344525,-111.8852469
BURGLARY,12/21/2012 17:53,40.66726905,-111.9235727
BURGLARY,5/3/2012 14:47,40.76932365,-111.8766783
BURGLARY,10/1/2012 16:40,40.77163263,-111.8882222
BURGLARY,8/25/2012 21:00,40.78910274,-111.9470139
BURGLARY,7/10/2012 18:28,40.73916125,-111.8939551
BURGLARY,11/27/2012 8:33,40.80426026,-111.9428328
BURGLARY,9/27/2012 1:11,40.72542379,-111.8738313
BURGLARY,7/1/2012 8:00,40.73093101,-111.8911542
BURGLARY,6/14/2012 8:45,40.71407064,-111.8726172
BURGLARY,12/14/2012 22:03,40.72022462,-111.8196674
BURGLARY,8/17/2012 15:56,40.75088053,-111.9141852
BURGLARY,8/29/2012 20:36,40.7891706,-111.9310344
BURGLARY,8/25/2012 22:00,40.7757501,-111.9356759
BURGLARY,5/13/2012 4:43,40.72300543,-111.8590111
BURGLARY,9/14/2012 13:23,40.70571289,-111.8655225
BURGLARY,7/27/2012 10:45,40.71765191,-111.871275
BURGLARY,9/14/2012 9:36,40.74969152,-111.8882624
BURGLARY,10/29/2012 7:44,40.73014604,-111.9648833
BURGLARY,11/22/2012 18:40,40.75622319,-111.8825443
BURGLARY,9/20/2012 21:00,40.74118554,-111.9517985
BURGLARY,11/26/2012 18:50,40.77631401,-111.8774946
BURGLARY,1/19/2012 14:58,40.74484335,-111.8794904
BURGLARY,9/24/2012 6:30,40.74975447,-111.8766421
BURGLARY,2/4/2012 15:04,40.73805423,-111.8537083
BURGLARY,12/15/2012 14:00,40.77618758,-111.8790552
BURGLARY,6/10/2012 20:35,40.72901276,-111.9898538
BURGLARY,12/4/2012 18:38,40.75184373,-111.9168656
BURGLARY,4/16/2012 9:00,40.73352956,-111.8998151
BURGLARY,12/12/2012 12:54,40.77374141,-111.919664
BURGLARY,7/16/2012 20:40,40.74502131,-111.9223956
BURGLARY,1/19/2012 17:00,40.73077952,-111.9169752
BURGLARY,12/19/2012 2:58,40.71635381,-111.8682947
BURGLARY,1/7/2012 21:56,40.76055443,-111.9343136
BURGLARY,9/21/2012 8:31,40.76282314,-111.9167789
BURGLARY,6/20/2012 0:00,40.76714731,-111.8766996
BURGLARY,6/14/2012 0:00,40.74820726,-111.9308462
BURGLARY,4/19/2012 7:00,40.75552039,-111.9825899
BURGLARY,1/23/2012 9:00,40.75076415,-111.84521
BURGLARY,7/1/2012 0:30,40.76621587,-111.8594381
BURGLARY,3/22/2012 2:38,40.73126367,-111.8538929
BURGLARY,11/1/2012 2:00,40.77594148,-111.899652
BURGLARY,7/2/2012 23:53,40.73250652,-111.8652085
BURGLARY,11/15/2012 8:30,40.77811128,-111.9196634
BURGLARY,10/18/2012 19:15,40.78466104,-111.9168121
BURGLARY,3/9/2012 3:27,40.75621029,-111.9235753
BURGLARY,10/31/2012 12:00,40.75842436,-111.8653631
BURGLARY,10/17/2012 23:19,40.75184373,-111.9168656
BURGLARY,7/12/2012 2:27,40.76055443,-111.9343136
BURGLARY,9/14/2012 9:00,40.76497494,-111.8679676
BURGLARY,10/23/2012 10:30,40.7450791,-111.8667647
BURGLARY,11/21/2012 18:08,40.7770639,-111.9096531
BURGLARY,8/26/2012 12:33,40.72316099,-111.8214337
BURGLARY,3/24/2012 16:03,40.75032834,-111.9283208
BURGLARY,1/13/2012 17:00,40.74053089,-111.9631331
BURGLARY,8/13/2012 14:12,40.72264336,-111.8696819
BURGLARY,11/21/2012 23:30,40.78456285,-111.8962071
BURGLARY,4/10/2012 6:00,40.79109015,-111.9289985
BURGLARY,10/17/2012 7:30,40.77179205,-111.8730239
BURGLARY,4/23/2012 16:30,40.77378041,-111.9168121
BURGLARY,5/23/2012 12:00,40.79873503,-111.9315305
BURGLARY,10/2/2012 4:00,40.72662703,-111.8825719
BURGLARY,11/5/2012 20:42,40.7803036,-111.9296816
BURGLARY,1/25/2012 15:00,40.7561658,-111.8308977
BURGLARY,1/25/2012 9:52,40.75411728,-111.9169576
BURGLARY,8/31/2012 11:37,40.73707053,-111.8653719
BURGLARY,9/2/2012 15:57,40.74778784,-111.9278785
BURGLARY,6/18/2012 7:46,40.76715523,-111.8623075
BURGLARY,7/21/2012 20:00,40.77166354,-111.9082206
BURGLARY,10/6/2012 21:00,40.72583603,-111.8507281
BURGLARY,9/4/2012 15:16,40.79790456,-111.9320591
BURGLARY,4/10/2012 12:22,40.73938051,-111.8479964
BURGLARY,2/6/2012 13:00,40.74551761,-111.9294896
BURGLARY,12/29/2012 10:26,40.77024154,-111.9142162
BURGLARY,6/11/2012 14:38,40.74524634,-111.8392494
BURGLARY,9/25/2012 12:15,40.74971378,-111.8539339
BURGLARY,11/24/2012 16:23,40.71341034,-111.8268467
BURGLARY,8/11/2012 23:07,40.75188303,-111.8868118
BURGLARY,12/11/2012 6:10,40.75029113,-111.9222274
BURGLARY,11/15/2012 8:00,40.72080111,-111.8712667
BURGLARY,8/24/2012 6:38,40.76492102,-111.8968632
BURGLARY,9/20/2012 9:15,40.74975447,-111.8881081
BURGLARY,2/28/2012 14:17,40.77281113,-111.8744296
BURGLARY,3/31/2012 17:00,40.75090974,-111.9169492
BURGLARY,8/4/2012 13:15,40.76486307,-111.9336439
BURGLARY,5/9/2012 4:58,40.68481389,-111.8799377
BURGLARY,4/1/2012 14:23,40.78025676,-111.9140753
BURGLARY,12/29/2012 8:32,40.83993092,-111.9043246
BURGLARY,7/14/2012 5:07,40.78466104,-111.9168121
BURGLARY,5/1/2012 8:07,40.78517074,-111.8761721
BURGLARY,11/17/2012 23:24,40.7716421,-111.9142158
BURGLARY,4/11/2012 18:45,40.74799584,-111.8852476
BURGLARY,7/23/2012 22:30,40.77161099,-111.8996454
BURGLARY,5/29/2012 14:25,40.7448734,-111.9168922
BURGLARY,8/31/2012 9:45,40.72880432,-111.8539555
BURGLARY,10/31/2012 22:00,40.76503776,-111.8940759
BURGLARY,11/26/2012 19:32,40.78457991,-111.8968347
BURGLARY,3/4/2012 0:01,40.72084446,-111.827044
BURGLARY,3/14/2012 17:13,40.73928026,-111.8653671
BURGLARY,9/28/2012 8:00,40.71627034,-111.8654869
BURGLARY,4/22/2012 18:00,40.77163748,-111.9340511
BURGLARY,12/25/2012 16:29,40.77804845,-111.9255266
BURGLARY,12/14/2012 10:23,40.74764006,-111.9168867
BURGLARY,2/14/2012 22:30,40.72264336,-111.8696819
BURGLARY,10/24/2012 6:15,40.75620986,-111.8968434
BURGLARY,4/16/2012 18:42,40.73719511,-111.8536995
BURGLARY,8/29/2012 14:24,40.77910337,-111.9296811
BURGLARY,8/7/2012 6:15,40.72535257,-111.8712513
BURGLARY,10/3/2012 5:12,40.77390057,-111.8910848
BURGLARY,4/5/2012 12:25,40.75029113,-111.9222274
BURGLARY,9/21/2012 9:46,40.76282314,-111.9167789
BURGLARY,10/2/2012 7:14,40.76932187,-111.8795398
BURGLARY,8/19/2012 17:30,40.76269335,-111.8968713
BURGLARY,10/19/2012 9:31,40.77162541,-111.9090679
BURGLARY,8/17/2012 21:30,40.72668482,-111.8625101
BURGLARY,10/3/2012 13:30,40.74742512,-111.8823689
BURGLARY,4/4/2012 20:26,40.72859998,-111.8855699
BURGLARY,12/6/2012 12:36,40.75833989,-111.9617018
BURGLARY,12/4/2012 13:00,40.73836189,-111.9235365
BURGLARY,11/6/2012 12:00,40.71245053,-111.8341264
BURGLARY,12/11/2012 23:03,40.75832251,-111.8613642
BURGLARY,6/25/2012 4:14,40.76715373,-111.8852385
BURGLARY,4/9/2012 16:12,40.71729011,-111.8525963
BURGLARY,5/31/2012 11:15,40.76269318,-111.891242
BURGLARY,11/8/2012 16:06,40.7390724,-111.8767938
BURGLARY,8/29/2012 10:00,40.72772861,-111.8060492
BURGLARY,5/22/2012 17:00,40.74155208,-111.8825232
BURGLARY,6/15/2012 18:30,40.75621005,-111.8912335
BURGLARY,12/18/2012 0:42,40.7429976,-111.9054369
BURGLARY,8/16/2012 7:31,40.74258968,-111.813058
BURGLARY,10/15/2012 18:37,40.78309338,-111.8744941
BURGLARY,10/12/2012 19:00,40.73408056,-111.8858721
BURGLARY,6/30/2012 0:02,40.75531118,-111.9374843
BURGLARY,12/3/2012 22:15,40.75831327,-111.8567835
BURGLARY,11/5/2012 1:24,40.74973822,-111.8680468
BURGLARY,5/27/2012 12:59,40.70592055,-111.8553871
BURGLARY,12/22/2012 17:27,40.73093101,-111.8911542
BURGLARY,9/20/2012 21:45,40.76282314,-111.9167789
BURGLARY,12/19/2012 23:23,40.75184373,-111.9141023
BURGLARY,12/2/2012 7:08,40.78021838,-111.9366061
BURGLARY,9/7/2012 8:00,40.72124098,-111.8116768
BURGLARY,9/3/2012 20:38,40.76934579,-111.8709391
BURGLARY,12/1/2012 4:14,40.74152109,-111.8882624
BURGLARY,12/5/2012 10:30,40.77638078,-111.9451217
BURGLARY,10/1/2012 17:00,40.78243096,-111.8969388
BURGLARY,2/28/2012 11:29,40.75477124,-111.984624
BURGLARY,11/7/2012 21:00,40.79498041,-111.9391938
BURGLARY,3/11/2012 6:25,40.77280299,-111.8804298
BURGLARY,9/30/2012 18:30,40.75845631,-111.879517
BURGLARY,6/19/2012 10:02,40.73343037,-111.8796624
BURGLARY,3/28/2012 5:07,40.72536717,-111.8595094
BURGLARY,5/10/2012 16:29,40.75630722,-111.9142659
BURGLARY,10/19/2012 20:34,40.73565958,-111.8363691
BURGLARY,10/10/2012 11:45,40.79088473,-111.8861986
BURGLARY,9/10/2012 6:50,40.7561658,-111.8308977
BURGLARY,8/29/2012 18:09,40.76269335,-111.8968713
BURGLARY,11/1/2012 21:31,40.73916125,-111.8939551
BURGLARY,10/15/2012 16:34,40.76839187,-111.9438848
BURGLARY,9/16/2012 9:38,40.77374141,-111.919664
BURGLARY,11/18/2012 13:00,40.78572759,-111.9369307
BURGLARY,10/21/2012 16:09,40.76833651,-111.9392051
BURGLARY,11/10/2012 0:56,40.70806033,-111.8655065
BURGLARY,12/20/2012 13:11,40.73343059,-111.8682159
BURGLARY,11/8/2012 10:07,40.71588329,-111.8583602
BURGLARY,1/27/2012 8:00,40.77586967,-111.9141057
BURGLARY,2/2/2012 12:07,40.77544212,-111.8479725
BURGLARY,1/29/2012 13:22,40.72874646,-111.8939928
BURGLARY,1/22/2012 23:00,40.76058092,-111.9182823
BURGLARY,7/30/2012 16:05,40.74514809,-111.905838
BURGLARY,5/31/2012 6:41,40.72330192,-111.8613649
BURGLARY,6/29/2012 13:30,40.76709086,-111.8624629
BURGLARY,3/22/2012 18:30,40.79867963,-111.9427938
BURGLARY,8/14/2012 5:00,40.73123042,-111.8365162
BURGLARY,7/24/2012 18:25,40.74969191,-111.8595237
BURGLARY,3/13/2012 10:00,40.71062892,-111.8546617
BURGLARY,11/26/2012 11:06,40.77371746,-111.9169665
BURGLARY,7/21/2012 4:21,40.74278089,-111.8882664
BURGLARY,12/9/2012 20:11,40.73352336,-111.8423043
BURGLARY,10/23/2012 2:00,40.73637071,-111.9794209
BURGLARY,1/20/2012 12:10,40.7325231,-111.8623703
BURGLARY,12/4/2012 2:00,40.74264146,-111.9201074
BURGLARY,10/4/2012 12:00,40.7391512,-111.8925667
BURGLARY,8/27/2012 11:27,40.78467389,-111.9025109
BURGLARY,8/15/2012 23:33,40.76048357,-111.865372
BURGLARY,11/15/2012 13:31,40.76497494,-111.8679676
BURGLARY,10/23/2012 5:45,40.76707287,-111.9082914
BURGLARY,12/1/2012 21:45,40.76715482,-111.8564666
BURGLARY,3/26/2012 4:52,40.72735553,-111.8623481
BURGLARY,7/3/2012 20:30,40.78682738,-111.8996608
BURGLARY,7/6/2012 21:47,40.7957187,-111.9459769
BURGLARY,9/1/2012 17:13,40.74027196,-112.0343391
BURGLARY,4/9/2012 2:30,40.66726905,-111.9235727
BURGLARY,4/28/2012 12:00,40.74487435,-111.8652088
BURGLARY,10/2/2012 7:14,40.76932187,-111.8795398
BURGLARY,8/20/2012 10:03,40.73670297,-111.8839846
BURGLARY,4/24/2012 9:30,40.73927836,-111.8796925
BURGLARY,9/14/2012 9:54,40.76714731,-111.8766996
BURGLARY,9/6/2012 8:35,40.78466104,-111.9168121
BURGLARY,2/13/2012 8:55,40.74310641,-111.9772136
BURGLARY,4/2/2012 10:37,40.70192443,-111.8545103
BURGLARY,7/7/2012 22:39,40.7781424,-111.8967336
BURGLARY,10/8/2012 6:02,40.72540593,-111.8680789
BURGLARY,5/24/2012 15:53,40.74799529,-111.8680611
BURGLARY,6/3/2012 10:01,40.73178513,-111.899753
BURGLARY,6/30/2012 2:00,40.73668018,-111.872481
BURGLARY,9/18/2012 7:47,40.79107202,-111.9169648
BURGLARY,3/1/2012 6:00,40.76281388,-111.8652176
BURGLARY,8/9/2012 19:50,40.7781693,-111.9395243
BURGLARY,3/25/2012 17:00,40.72823716,-111.8680606
BURGLARY,7/23/2012 11:55,40.76493389,-111.8768139
BURGLARY,8/18/2012 12:00,40.73833465,-111.8881077
BURGLARY,8/7/2012 21:19,40.75132671,-111.9222314
BURGLARY,6/13/2012 8:18,40.66726905,-111.9235727
BURGLARY,4/13/2012 8:20,40.74162389,-111.8444484
BURGLARY,10/25/2012 15:13,40.74514809,-111.905838
BURGLARY,6/7/2012 11:00,40.78912088,-111.9435528
BURGLARY,7/19/2012 23:00,40.7781693,-111.9395243
BURGLARY,2/1/2012 15:02,40.74285003,-111.9168971
BURGLARY,9/29/2012 10:40,40.76715523,-111.8623075
BURGLARY,9/10/2012 23:00,40.7717037,-111.9196428
BURGLARY,11/23/2012 12:47,40.78237099,-111.886614
BURGLARY,8/7/2012 15:10,40.73635371,-111.8795393
BURGLARY,3/30/2012 7:11,40.76274302,-111.8852473
BURGLARY,10/30/2012 22:42,40.79347223,-111.9391933
BURGLARY,8/28/2012 16:45,40.78340953,-111.8479753
BURGLARY,5/3/2012 22:00,40.72698261,-111.8539413
BURGLARY,3/28/2012 8:00,40.72859998,-111.8855699
BURGLARY,5/11/2012 11:00,40.74740154,-111.8432836
BURGLARY,3/26/2012 7:24,40.7716421,-111.9142158
BURGLARY,11/29/2012 14:00,40.73872291,-111.8478407
BURGLARY,3/28/2012 3:25,40.72987518,-111.9898677
BURGLARY,1/9/2012 23:26,40.79867963,-111.9427938
BURGLARY,8/1/2012 22:20,40.76933456,-111.8594218
BURGLARY,6/25/2012 6:19,40.72537603,-111.8623702
BURGLARY,9/10/2012 7:30,40.71622079,-111.8712967
BURGLARY,12/15/2012 16:30,40.75837122,-111.9182738
BURGLARY,5/16/2012 19:02,40.70627263,-111.8768989
BURGLARY,6/1/2012 16:30,40.76239042,-111.9082066
BURGLARY,6/9/2012 11:25,40.7310134,-111.8652088
BURGLARY,12/14/2012 13:49,40.74712277,-111.8954619
BURGLARY,6/5/2012 8:00,40.7327045,-111.8194679
BURGLARY,5/14/2012 23:14,40.74158043,-111.9144156
BURGLARY,4/7/2012 3:51,40.76493426,-111.8539118
BURGLARY,11/17/2012 21:17,40.75837122,-111.929522
BURGLARY,10/25/2012 0:00,40.78250036,-111.8967841
BURGLARY,8/29/2012 15:46,40.76708192,-111.893984
BURGLARY,6/26/2012 7:19,40.73340401,-111.9168931
BURGLARY,8/23/2012 9:00,40.75187093,-111.8653746
BURGLARY,1/8/2012 22:30,40.72080111,-111.8712667
BURGLARY,10/19/2012 5:45,40.72541532,-111.8710988
BURGLARY,8/15/2012 0:01,40.75851027,-111.8940671
BURGLARY,4/19/2012 10:31,40.77412065,-111.9341848
BURGLARY,3/19/2012 8:49,40.70168251,-111.8596867
BURGLARY,11/7/2012 9:27,40.75193434,-111.8881077
BURGLARY,9/12/2012 19:40,40.77397913,-111.886968
BURGLARY,11/1/2012 3:31,40.76068905,-111.9364576
BURGLARY,4/29/2012 1:24,40.71823255,-111.8698646
BURGLARY,5/16/2012 20:19,40.7518703,-111.8710846
BURGLARY,1/27/2012 16:22,40.72348132,-111.8133369
BURGLARY,9/28/2012 23:30,40.76932187,-111.8795398
BURGLARY,1/28/2012 16:00,40.72108602,-111.8243978
BURGLARY,9/4/2012 8:07,40.72698261,-111.8539413
BURGLARY,6/30/2012 10:15,40.79498041,-111.9391938
BURGLARY,10/24/2012 14:00,40.71260844,-111.8553885
BURGLARY,6/28/2012 10:37,40.73343037,-111.8653852
BURGLARY,2/21/2012 22:00,40.74560781,-111.8944488
BURGLARY,12/5/2012 13:13,40.78674445,-111.9476624
BURGLARY,8/19/2012 9:00,40.66726905,-111.9235727
BURGLARY,7/26/2012 8:50,40.74158806,-111.8879931
BURGLARY,11/1/2012 19:34,40.7518703,-111.8710846
BURGLARY,6/19/2012 13:57,40.74713238,-111.893955
BURGLARY,10/19/2012 12:03,40.73111185,-111.8768017
BURGLARY,2/23/2012 12:59,40.70361022,-111.8626269
BURGLARY,7/8/2012 23:16,40.78466104,-111.9168121
BURGLARY,7/15/2012 3:51,40.73387941,-111.9356472
BURGLARY,12/12/2012 21:00,40.72681457,-111.8335415
BURGLARY,9/12/2012 16:28,40.75403154,-111.865355
BURGLARY,9/27/2012 18:00,40.72057556,-111.8171082
BURGLARY,8/30/2012 17:15,40.75070339,-111.8416707
BURGLARY,7/10/2012 13:20,40.74720104,-111.9053766
BURGLARY,9/15/2012 13:34,40.73912627,-111.8852607
BURGLARY,12/19/2012 20:00,40.74942099,-111.8429753
BURGLARY,10/13/2012 17:46,40.78787847,-111.9369479
BURGLARY,12/4/2012 13:37,40.74479332,-111.8825216
BURGLARY,7/13/2012 15:35,40.76055414,-111.885239
BURGLARY,2/4/2012 14:53,40.74151202,-111.8896742
BURGLARY,5/17/2012 14:47,40.73152566,-111.8306677
BURGLARY,11/20/2012 10:14,40.80031897,-111.9420269
BURGLARY,7/13/2012 18:00,40.73482506,-111.8768104
BURGLARY,9/5/2012 22:15,40.78484254,-111.9274312
BURGLARY,4/24/2012 12:00,40.73343037,-111.871213
BURGLARY,9/7/2012 8:35,40.72124098,-111.8116768
BURGLARY,2/13/2012 16:08,40.74801919,-111.8110109
BURGLARY,11/24/2012 15:45,40.72077115,-111.866827
BURGLARY,9/11/2012 15:35,40.72742584,-111.8853008
BURGLARY,7/20/2012 20:25,40.77369184,-111.8881912
BURGLARY,10/13/2012 15:00,40.76718852,-111.9031308
BURGLARY,7/24/2012 19:30,40.78482441,-111.9111502
BURGLARY,6/10/2012 3:01,40.68481389,-111.8799377
BURGLARY,7/19/2012 7:35,40.73037588,-111.8737948
BURGLARY,11/30/2012 11:55,40.77164813,-111.9422563
BURGLARY,5/9/2012 12:22,40.75187022,-111.891083
BURGLARY,8/24/2012 17:00,40.76053238,-111.8822984
BURGLARY,7/30/2012 6:00,40.74073508,-111.8823684
BURGLARY,9/21/2012 9:46,40.76282314,-111.9167789
BURGLARY,10/26/2012 16:27,40.71540221,-111.8514133
BURGLARY,8/31/2012 17:00,40.71723411,-111.8581025
BURGLARY,3/30/2012 0:01,40.76934579,-111.8709391
BURGLARY,9/11/2012 14:40,40.77816966,-111.9339464
BURGLARY,8/10/2012 15:11,40.77168504,-111.8714701
BURGLARY,12/3/2012 18:11,40.78523299,-111.9202074
BURGLARY,12/27/2012 13:19,40.76267998,-111.8854013
BURGLARY,10/25/2012 14:11,40.74773477,-111.8363799
BURGLARY,6/29/2012 12:43,40.78438205,-111.8996608
BURGLARY,7/21/2012 22:00,40.74728531,-111.8910922
BURGLARY,6/22/2012 21:57,40.72259498,-111.8622488
BURGLARY,6/30/2012 11:01,40.76280181,-111.9391248
BURGLARY,7/29/2012 9:00,40.74800458,-111.8710501
BURGLARY,7/16/2012 20:00,40.77168329,-111.874429
BURGLARY,10/1/2012 18:07,40.76280181,-111.9391248
BURGLARY,7/30/2012 6:00,40.78891215,-111.932192
BURGLARY,9/27/2012 6:30,40.72533079,-111.8653941
BURGLARY,5/3/2012 11:05,40.77482014,-111.9420357
BURGLARY,3/20/2012 12:43,40.74149009,-111.9054447
BURGLARY,12/2/2012 16:00,40.75851027,-111.8940671
BURGLARY,4/18/2012 23:31,40.74789978,-111.8969987
BURGLARY,12/4/2012 20:30,40.76272469,-111.9219155
BURGLARY,9/28/2012 19:00,40.76932365,-111.8766783
BURGLARY,11/7/2012 17:52,40.79347223,-111.9391933
BURGLARY,4/27/2012 2:05,40.75414236,-111.8881084
BURGLARY,9/14/2012 16:58,40.78568231,-111.8714553
BURGLARY,9/28/2012 3:22,40.72536717,-111.8595094
BURGLARY,3/9/2012 8:55,40.70337861,-111.8520329
BURGLARY,1/27/2012 2:00,40.72859998,-111.8855699
BURGLARY,8/26/2012 12:00,40.72375486,-111.8766874
BURGLARY,4/8/2012 20:00,40.74250189,-111.8823661
BURGLARY,2/22/2012 3:24,40.75842436,-111.8653631
BURGLARY,1/23/2012 13:32,40.77160953,-111.8970076
BURGLARY,7/2/2012 12:53,40.76953668,-111.8565944
BURGLARY,8/16/2012 22:00,40.76280502,-111.8795303
BURGLARY,1/5/2012 8:40,40.76957071,-111.8775871
BURGLARY,9/28/2012 3:33,40.72530422,-111.8596637
BURGLARY,5/4/2012 10:51,40.75083785,-111.8166073
BURGLARY,4/9/2012 5:44,40.76705193,-111.9040894
BURGLARY,10/30/2012 14:49,40.74281085,-111.8796473
BURGLARY,4/12/2012 15:25,40.76502407,-111.8850823
BURGLARY,3/6/2012 6:30,40.74283044,-111.9141166
BURGLARY,12/14/2012 23:27,40.76280357,-111.8679505
BURGLARY,12/13/2012 6:30,40.71258137,-111.8655048
BURGLARY,8/2/2012 17:29,40.762733,-111.9183039
BURGLARY,7/5/2012 3:36,40.72541532,-111.8710988
